
--TABLA MP_localidad, se llena del archivo localidades.csv (faltan las comunas)

COPY "MP_localidad" ("id","nombre","tipo") FROM  '/Users/gonzalobarra/Desktop/mipega/poblado/localidades.csv'
WITH DELIMITER ';';

COPY "MP_localidad" FROM  '/Users/gonzalobarra/Desktop/mipega/poblado/localidades2.csv'
WITH DELIMITER ';';

--TABLA MP_nacionalidad, se llena del archivo pais.csv
COPY "MP_nacionalidad" FROM  '/Users/gonzalobarra/Desktop/mipega/poblado/pais.csv'
WITH DELIMITER ';';

--TABLA MP_institucion, se llena con el archivo instituciones.csv (tiene solouniversidades, faltan institutos, cfts y Colegios)

COPY "MP_institucion" FROM  '/Users/gonzalobarra/Desktop/mipega/poblado/instituciones.csv'
WITH DELIMITER ';';


INSERT INTO "MP_cargo"(nombre)
    VALUES
('Abogado '),
('Abogado especialista '),
('Abogado especialista sectorial '),
('Abogado jefe '),
('Actor '),
('Administrador '),
('Administrador de redes y recursos de informatica '),
('Administrador jefe '),
('Almacenista (Codigo Transitorio) '),
('Almacenista jefe '), 
('Analista central de Presupuesto '),
('Analista de asuntos audiovisuales '),
('Analista de colocación y seguimiento de pasantias '),
('Analista de higiene y seguridad industrial '),
('Analista de información y control estudiantil '),
('Analista de información y control estudiantil jefe '),
('Analista de laboratorio de protección ambiental '),
('Analista de nomina '),
('Analista de organización y sistemas '),
('Analista de presupuesto '),
('Analista de recursos humanos '),
('Analista de registro y control estadistico '),
('Analista de registro y control estadistico jefe '),
('Analista de Sistemas'),
('Analista especialista de recursos humanos '),
('Analista financiero '),
('Analista Programador'),
('Analista programador de sistemas '),
('Animador cultural '),
('Archivista '),
('Archivista jefe '),
('Arquitecto '),
('Arreglista musical '),
('Asesor artistico '),
('Asiste de botanica '),
('Asistente administrativo '),
('Asistente agropecuario '),
('Asistente de almacen (codigo transitorio) '),
('Asistente de anatomia y patologia '),
('Asistente de asuntos audiovisuales '),
('Asistente de asuntos literarios '),
('Asistente de biblioteca '),
('Asistente de biologia '),
('Asistente de camara '),
('Asistente de campo '),
('Asistente de contabilidad '),
('Asistente de costos de obras '),
('Asistente de director de orfeon Universitario '),
('Asistente de entomologí­a '),
('Asistente de especialista en información '),
('Asistente de farmacia '),
('Asistente de hidrometeorologia '),
('Asistente de histologia '),
('Asistente de informacion y control estudiantil '),
('Asistente de investigación en ciencias basicas, naturales y'),
('Asistente de investigación en ciencias sociales '),
('Asistente de laboratorio '),
('Asistente de laboratorio clinico '),
('Asistente de laboratorio de computación '),
('Asistente de laboratorio de idiomas '),
('Asistente de mantenimiento de equipos y redes de informatica'),
('Asistente de nomina '),
('Asistente de organización cultural '),
('Asistente de preescolar '),
('Asistente de presupuesto '),
('Asistente de prevision y desarrollo social '),
('Asistente de produccion de rediodifusora '),
('Asistente de protocolo '),
('Asistente de psicologo (codigo transitorio) '),
('Asistente de publicaciones '),
('Asistente de publicidad y mercadeo '),
('Asistente de recursos humanos '),
('Asistente de seguros '),
('Asistente de seguros de transporte automotor '),
('Asistente de tesoreria '),
('Asistente de topografí­a '),
('Asistente de veterinaria '),
('Asistente de zootecnia '),
('Asistente ejecutivo de egreamigos '),
('Asistente ejecutivo de estudios para graduados '),
('Asistente ejecutivo de relaciones interinstitucionales '),
('Asistente financiero '),
('Asistente Social'),
('Atrileo '),
('Auditor '),
('Auxiliar de archivo '),
('Auxiliar de biblioteca '),
('Auxiliar de laboratorio '),
('Auxiliar de registro y estadí­sticas de servicios asistencia'),
('Auxiliar de servicios para el arte '),
('Ayudante de taller de artes del fuego '),
('Bioanalista '),
('Bombero '),
('Bombero inspector '),
('Bombero jefe '),
('Cajero '),
('Cajero jefe '),
('Caligrafo '),
('Camarografo '),
('Capellan '),
('Capitan de buque '),
('Cartografo '),
('Citotecnologo '),
('Comandante del cuerpo de Bomberos '),
('Comprador '),
('Comprador jefe '),
('Concertino '),
('Consultor de información y control estudiantil '),
('Contabilista '),
('Contador '),
('Contador jefe '),
('Coordinador academico '),
('Coordinador administrativo '),
('Coordinador de biblioteca '),
('Coordinador de centros de estudios en artes '),
('Coordinador de cine club '),
('Coordinador de deporte '),
('Coordinador de desarrollo de servicios estudiantil '),
('Coordinador de pasantias y actividades complementarias '),
('Coordinador de preescolar '),
('Coordinador de publicaciones '),
('Coordinador de suntos literarios '),
('Coordinador general de deporte '),
('Coordinador produccion de radiodifusora '),
('Coordinador sectorial de cultura '),
('Coralista lider de cuerdas '),
('Corrector de publicaciones '),
('Curador '),
('Diagramador '),
('Dibujante '),
('Dibujante ilustrador '),
('Dibujante ilustrador jefe '),
('Dibujante jefe '),
('Dietista '),
('Director de agrupacion musical '),
('Director de ballet o danza '),
('Director de coral '),
('Director de orquesta '),
('Director de teatro '),
('Director de titeres y marionetas '),
('Director educativo '),
('Director orfeon universitario '),
('Diseñador curricular '),
('Diseñador grafico '),
('Docente de artes auditivas '),
('Docente de artes plasticas '),
('Docente de aula '),
('Docente de preescolar '),
('Docente en artes escenicas '),
('Documentalista de bienes inmuebles '),
('Economo '),
('Editor de Asuntos audiovisuales '),
('Editor historico '),
('Ejecutivo de Ventas'),
('Enfermera (o) '),
('Enfermera (o) comunitaria '),
('Enfermera (o) instrumentista '),
('Enfermera (o) jefe '),
('Entrenador deportivo '),
('Especialista de sistemas de informatica '),
('Especialista en asistencia tecnica institucional '),
('Especialista en asusntos literarios '),
('Especialista en información '),
('Especialista en información jefe '),
('Especialista en mtto de equipos de computación '),
('Especialista en pasantias y actividades complementarias '),
('Especialista organizacional '),
('Evaluador curricular '),
('Expendedor de material didactico '),
('Facilitador de desarrollo de recursos humanos '),
('Facilitador de desarrollo en artes auditivas '),
('Facilitador de desarrollo en artes escenicas '),
('Facilitador de desarrollo en artes plasticas '),
('Facilitador de desarrollo en asuntos literarios '),
('Farmaceutico '),
('Fisioterapeuta '),
('Fotografo '),
('Fotolitografo '),
('Gerente de promocion y administración de espacios y patrimo'),
('Gerente general'),
('Higienista dental '),
('Ingeniero agronomo '),
('Ingeniero agronomo jefe '),
('Ingeniero de proyectos '),
('Ingeniero forestal '),
('Inspector de control de perdidas '),
('Inspector de higiene y control de precios de alimentos '),
('Inspector de obras '),
('Inspector de proteccion ambiental '),
('Inspector de seguridad industrial e higiene ocupacional '),
('Inspector general de los servicios bomberiles '),
('Instructor de desarrollo en artes auditivas '),
('Instructor de desarrollo en artes escenicas '),
('Instructor de desarrollo en artes plasticas '),
('Instrumentista academico '),
('Instrumentista academico lider de cuerdas '),
('Instrumentista folklorico '),
('Interprete vocal '),
('Investigador en ciencias basicas, naturales y aplicadas '),
('Investigador en ciencias sociales '),
('Investigador ocupacional '),
('ITO'),
('Jefe central de informacion y control estudiantil '),
('Jefe central de presupuesto '),
('Jefe central de recursos humanos '),
('Jefe de analisi y control financiero '),
('Jefe de analisis y procesamiento de compras '),
('Jefe de artes '),
('Jefe de asesoramiento, apoyo y orientación '),
('Jefe de asistencia socio-económica estudiantil '),
('Jefe de contabilidad '),
('Jefe de control previo y/o posterior '),
('Jefe de correo '),
('Jefe de emision de pagos '),
('Jefe de fotografí­a '),
('Jefe de información y control estudiantil '),
('Jefe de informatica '),
('Jefe de inventarios '),
('Jefe de local'),
('Jefe de mantenimiento y reparaciones '),
('Jefe de nomina '),
('Jefe de obras '),
('Jefe de operaciones bomberiles '),
('Jefe de organización y sistemas '),
('Jefe de planes operativos y estratégicos '),
('Jefe de prensa '),
('Jefe de prevención, investigación e inspección de incendi'),
('Jefe de producción de audiovisuales '),
('Jefe de protección ambiental '),
('Jefe de proteccion y seguridad '),
('Jefe de protocolo '),
('Jefe de proyectista arquitectonicos y de ingenierí­a '),
('Jefe de Proyecto Informático'),
('Jefe de recursos humanos '),
('Jefe de relaciones interinstitucionales '),
('Jefe de relaciones publicas '),
('Jefe de salud integral '),
('Jefe de seccion de informatica '),
('Jefe de seguridad industrial e higiene ocupacional '),
('Jefe de seguros '),
('Jefe de servicios generales '),
('Jefe de taller automotriz '),
('Jefe de taller metalmecanico '),
('Jefe de talleres de obras '),
('Jefe de tesoreria '),
('Jefe de trafico '),
('Jefe de unidades nutricionales '),
('Jefe sectorial de compras '),
('Jefe sectorial de Presupuesto '),
('Kinesiologo '),
('Locutor '),
('Luminotecnico '),
('Maquetista '),
('Maquinista de buque '),
('Mecanico dental '),
('Medico jefe '),
('Medico veterinario '),
('Microfilmador '),
('Músico'),
('Músico Guitarrista'),
('Odontologo '),
('Oficial de correo '),
('Oficina Técnica'),
('Oficinista '),
('Operador de audio '),
('Operador de computacion '),
('Operador de equipos de telecomunicaciones '),
('Operador de maquina de reproducción (codigo transitorio) '),
('Operador de Retroexcavadora'),
('Orientador '),
('Periodista '),
('Planificador '),
('Planificador central '),
('Planificador de información y control estudiantil '),
('Profesor'),
('Profesor de Historia'),
('Programador de sistemas '),
('Programador Perl'),
('Programador Senior'),
('Promotor cultural '),
('Promotor de cursos '),
('Promotor de relaciones publicas e interinstitucionales '),
('Promotor social '),
('Promotor vendedor de material didactico '),
('Propuesta'),
('Psicologo '),
('Psicologo jefe '),
('Psicopedagogo '),
('Recepcionista '),
('Registrador de bienes '),
('Revisor de contraloria '),
('Secretaria '),
('Secretaria (o) '),
('Secretaria (o) bilingí¼e '),
('Secretaria (o) ejecutiva (o) '),
('Secretaria (o) ejecutiva (o) bilingue '),
('Serigrafista '),
('Serigrafista principal '),
('Soplador de vidrio '),
('Soplador de vidrio jefe '),
('Sub-director educativo '),
('Supervisor de asuntos audiovisuales '),
('Supervisor de biblioteca '),
('Supervisor de carpinterí­a (codigo transitorio) '),
('Supervisor de costos de obras '),
('Supervisor de laboratorio '),
('Supervisor de operaciones de radiodifusora '),
('Supervisor de Pintores (codigo transitorio) '),
('Supervisor de programa asistencia medica estudiantil '),
('Supervisor de protección y seguridad '),
('Supervisor de registro y apoyo asistencial '),
('Supervisor de registro y control de bienes '),
('Supervisor de servicios (codigo transitorio) '),
('Supervisor de servicios de mantenimiento '),
('Supervisor de servicios generales '),
('Supervisor de taller de publicaciones '),
('Supervisor de transporte '),
('Supervisor.'),
('Tallador de diamantes '),
('Taquillero (codigo transitorio) '),
('Taxidermista '),
('Tecnico acuicultor '),
('Tecnico agropecuario '),
('Tecnico de electromedicina '),
('Tecnico de equipos de telecomunicaciones '),
('Tecnico de geologia y minas '),
('Tecnico de grabacion de radiodifusora '),
('Tecnico de petroleo '),
('Tecnico de taller de micromecanica '),
('Tecnico de telematica '),
('Tecnico electricista '),
('Tecnico electromecánico '),
('Tecnico electromecánico de equipos odontológicos '),
('Tecnico forestal '),
('Tecnico plomero (codigo transitorio) '),
('Tecnico quimico '),
('Tecnico radiologo '),
('Telefonista '),
('Topografo '),
('Trabajador social '),
('Trabajador social jefe '),
('Traductor '),
('Zootecnista ');



--titulos--
INSERT INTO "MP_titulo"(
            id, nombre, tipo)
    VALUES
(1, 'Actuación Teatral ', 'p'),
(2, 'Biologí­a con menciones ', 'p'),
(3, 'Dirección Audiovisual ', 'p'),
(4, 'Educación de Párvulos ', 'p'),
(5, 'Ingenierí­a Civil con Diploma de Especialidad ', 'p'),
(6, 'Ingenierí­a Civil de Industrias ', 'p'),
(7, 'Ingenierí­a Civil en Biotecnologí­a ', 'p'),
(8, 'Ingenierí­a Civil en Computación ', 'p'),
(9, 'Ingenierí­a Civil en Electricidad ', 'p'),
(10, 'Ingenierí­a Comercial con menciones ', 'p'),
(11, 'Ingeniero Agrónomo ', 'p'),
(12, 'Ingeniero Forestal ', 'p'),
(13, 'Licenciatura en Artes y Humanidades ', 'p'),
(14, 'Licenciatura en Astronomí­a ', 'p'),
(15, 'Licenciatura en Ciencias Sociales ', 'p'),
(16, 'Licenciatura en Estética ', 'p'),
(17, 'Licenciatura en Fí­sica ', 'p'),
(18, 'Sociologí­a ', 'p'),
(19, 'Arquitectura ', 'p'),
(20, 'Biologí­a ', 'p'),
(21, 'Ciencias Religiosas ', 'p'),
(22, 'Geógrafo ', 'p'),
(23, 'Ingenierí­a Civil Bioquí­mica ', 'p'),
(24, 'Ingenierí­a Civil en Metalurgia Extractiva ', 'p'),
(25, 'Ingenierí­a de Alimentos ', 'p'),
(26, 'Ingenierí­a de Ejecución en Bioprocesos ', 'p'),
(27, 'Ingenierí­a de Ejecución en Informática ', 'p'),
(28, 'Ingenierí­a de Transporte ', 'p'),
(29, 'Ingenierí­a Eléctrica ', 'p'),
(30, 'Ingenierí­a Electrónica ', 'p'),
(31, 'Ingenierí­a Mecánica ', 'p'),
(32, 'Ingenierí­a Pesquera ', 'p'),
(33, 'Interpretación Inglés Español ', 'p'),
(34, 'Intérprete Musical ', 'p'),
(35, 'Licenciatura en Arte ', 'p'),
(36, 'Oceanografí­a ', 'p'),
(38, 'Pedagogí­a en Biologí­a y Ciencias Naturales ', 'p'),
(39, 'Pedagogí­a en Fí­sica y/o Licenciatura en Fí­sica ', 'p'),
(40, 'Pedagogí­a en Matemáticas y/o Licenciatura en ', 'p'),
(41, 'Pedagogí­a en Música y/o Licenciatura en Ciencias ', 'p'),
(42, 'Pedagogí­a en Religión y Moral y/o Bachillerato ', 'p'),
(43, 'Quí­mica Industrial ', 'p'),
(44, 'Ingenierí­a Civil en Computación e Informática ', 'p'),
(45, 'Ingenierí­a de Ejecución Agrí­cola Biologí­a Maritima ', 'p'),
(46, 'Ingenierí­a de Ejecución en Pesca y Acuicultura ', 'p'),
(47, 'Ingenierí­a en Información y Control de Gestión ', 'p'),
(48, 'Ingenierí­a en Informática ', 'p'),
(49, 'Pedagogí­a en Biologí­a y Quí­mica ', 'p'),
(50, 'Pedagogí­a en Matemática y Fí­sica ', 'p'),
(51, 'Quí­mica y Farmacia ', 'p'),
(52, 'Traducción Inglés-Español-Inglés ', 'p'),
(53, 'Administración de Empresas de Turismo ', 'p'),
(54, 'Ingenierí­a Civil Acústica ', 'p'),
(55, 'Ingenierí­a en Computación ', 'p'),
(56, 'Ingenierí­a en Conservación de Recursos Naturales ', 'p'),
(57, 'Ingenierí­a Naval ', 'p'),
(58, 'Medicina Veterinaria ', 'p'),
(59, 'Pedagogí­a en Lenguaje y Comunicación ', 'p'),
(60, 'Psicologí­a ', 'p'),
(61, 'Terapia Educacional ', 'p'),
(62, 'Ingenierí­a en Acuicultura y Pesca ', 'p'),
(63, 'Ingenierí­a Marí­timo Portuaria ', 'p'),
(64, 'Licenciatura en Ciencias Religiosas ', 'p'),
(65, 'Administración y Auditorí­a ', 'p'),
(66, 'Enfermerí­a ', 'p'),
(67, 'Ingenierí­a Forestal ', 'p'),
(68, 'Pedagogí­a en Educación Especial ', 'p'),
(69, 'Pedagogí­a en Religión y Filosofí­a ', 'p'),
(70, 'Analista Quí­mico ', 'p'),
(71, 'Bachillerato en Ciencias de la Salud ', 'p'),
(72, 'Construcción Civil ', 'p'),
(73, 'Estadí­stica ', 'p'),
(74, 'Geologí­a ', 'p'),
(75, 'Ingenierí­a Civil Metalúrgica ', 'p'),
(76, 'Ingenierí­a de Ejecución en Computación e Informatica ', 'p'),
(77, 'Ingenierí­a de Ejecución en Metalurgia ', 'p'),
(78, 'Ingenierí­a de Ejecución en Procesos Quí­micos ', 'p'),
(79, 'Licenciatura en Matemáticas ', 'p'),
(80, 'Licenciatura Fí­sica mención Astronomí­a ', 'p'),
(81, 'Quí­mico Mención Metalurgia Extractiva ', 'p'),
(82, 'Quí­mico Mención Quimica Ambiental ', 'p'),
(83, 'Biólogo en Gestión de Recursos Naturales ', 'p'),
(84, 'Diseño de producto ', 'p'),
(85, 'Ingenierí­a Civil Ambiental ', 'p'),
(86, 'Ingenierí­a en Acuicultura ', 'p'),
(87, 'Licenciatura en Antropologí­a ', 'p'),
(88, 'Licenciatura en Artes Visuales ', 'p'),
(89, 'Pedagogí­a Educación Media en Matemáticas ', 'p'),
(90, 'Técnico Universitario en Acuicultura ', 'p'),
(91, 'Técnico Universitario en Producción Agropecuaria ', 'p'),
(92, 'Traducción Inglés - Español ', 'p'),
(93, 'Diseño Gráfico Publicitario ', 'p'),
(94, 'Ecologí­a Marina ', 'p'),
(95, 'Ingenierí­a Civil en Geomática ', 'p'),
(96, 'Ingenierí­a Civil Industrial Electricidad ', 'p'),
(97, 'Ingenierí­a Civil Industrial Electrónica ', 'p'),
(98, 'Ingenierí­a Civil Industrial Mecánica ', 'p'),
(99, 'Ingenierí­a Civil Industrial Minas ', 'p'),
(100, 'Ingenierí­a Civil Industrial Quí­mica ', 'p'),
(101, 'Ingenierí­a de Ejecución Electricidad ', 'p'),
(102, 'Ingenierí­a de Ejecución Electrónica ', 'p'),
(103, 'Ingenierí­a de Ejecución en Geomensura ', 'p'),
(104, 'Ingenierí­a de Ejecución en Minas ', 'p'),
(105, 'Licenciatura en Ciencias Biológicas ', 'p'),
(106, 'Pedagogí­a en Ed. Fí­sica ', 'p'),
(107, 'Quí­mica ', 'p'),
(108, 'Servicio Social ', 'p'),
(109, 'Ingenierí­a Civil en Electrónica ', 'p'),
(110, 'Ingenierí­aCivil en Mecánica ', 'p'),
(111, 'Ingenierí­a Civil en Metalurgia ', 'p'),
(112, 'Ingenierí­a Civil en Minas ', 'p'),
(113, 'Ingenierí­a Civil Informática y Computación ', 'p'),
(114, 'Ingenierí­a de Ejecución en Industrias ', 'p'),
(115, 'Pedagogí­a en Educación General Básica ', 'p'),
(116, 'Tecnólogo en Administración de Empresas ', 'p'),
(117, 'Tecnólogo en Construcción Civil ', 'p'),
(118, 'Tecnólogo en Electricidad ', 'p'),
(119, 'Tecnólogo en Informática ', 'p'),
(120, 'Tecnólogo en Instrumentación y Automatización ', 'p'),
(121, 'Tecnólogo en Mantenimiento Mecánico ', 'p'),
(122, 'Tecnólogo en Metalurgia ', 'p'),
(123, 'Artes Plásticas ', 'p'),
(124, 'Bachillerato ', 'p'),
(125, 'Biologí­a Ambiental ', 'p'),
(126, 'Bioquí­mica ', 'p'),
(127, 'Cine y Televisión ', 'p'),
(128, 'Diseño Teatral ', 'p'),
(129, 'Educación Parvularia y Básica Inicial ', 'p'),
(130, 'Ingenierí­a Civil con mención en Estructuras ', 'p'),
(131, 'Ingenierí­a Civil de Minas ', 'p'),
(132, 'Ingenierí­a Civil Electricista ', 'p'),
(133, 'Ingenierí­a Civil en Materiales ', 'p'),
(134, 'Ingenierí­a Civil Mecánica ', 'p'),
(135, 'Ingenierí­a Civil Quí­mica ', 'p'),
(136, 'Ingenierí­a de la Madera ', 'p'),
(137, 'Ingenierí­a en Biotecnologí­a Molecular ', 'p'),
(138, 'Ingenierí­a en Recursos Naturales Renovables ', 'p'),
(139, 'Interpretación Musical ', 'p'),
(140, 'Licenciatura en Ciencias, mención Astronomí­a ', 'p'),
(141, 'Licenciatura en Ciencias, mención Fí­sica ', 'p'),
(142, 'Licenciatura en Ciencias Mención Geofí­sica ', 'p'),
(143, 'Licenciatura en Historia ', 'p'),
(144, 'Licenciatura en Lengua y Literatura Inglesas ', 'p'),
(145, 'Quí­mica Ambiental ', 'p'),
(146, 'Sonido ', 'p'),
(147, 'Teorí­a de la Música ', 'p'),
(148, 'Teorí­a e Historia del Arte ', 'p'),
(149, 'Artes Visuales ', 'p'),
(150, 'Astronomí­a ', 'p'),
(151, 'Auditorí­a ', 'p'),
(152, 'Bioingenierí­a ', 'p'),
(153, 'Ciencias Fí­sicas y Astronómicas ', 'p'),
(154, 'Ciencias Polí­ticas y Administrativas ', 'p'),
(155, 'Derecho ', 'p'),
(156, 'Educación Diferencial ', 'p'),
(157, 'Geofí­sica ', 'p'),
(158, 'Geografí­a ', 'p'),
(159, 'Ingenierí­a Agroindustrial ', 'p'),
(160, 'Ingenierí­a Ambiental ', 'p'),
(161, 'Ingenierí­a Civil Aeroespacial ', 'p'),
(162, 'Ingenierí­a Civil Agrí­cola ', 'p'),
(163, 'Ingenierí­a Civil de Materiales ', 'p'),
(164, 'Ingenierí­a Civil en Telecomunicaciones ', 'p'),
(165, 'Ingenierí­a Civil Primer Año Común ', 'p'),
(166, 'Ingenierí­a de Ejecución Forestal ', 'p'),
(167, 'Ingenierí­a en Biotecnologí­a Marina y Acuicultura ', 'p'),
(168, 'Ingenierí­a en Biotecnologí­a Vegetal ', 'p'),
(169, 'Ingenierí­a Estadí­stica ', 'p'),
(170, 'Ingenierí­a Geomática ', 'p'),
(171, 'Kinesiologí­a ', 'p'),
(172, 'Licenciatura en Quí­mica Quí­mico ', 'p'),
(173, 'Pedagogí­a ', 'p'),
(174, 'Pedagogí­a en Ciencias Naturales y Biologí­a ', 'p'),
(175, 'Quí­mico Analista ', 'p'),
(176, 'Contador Público y Auditor ', 'p'),
(177, 'Ingenierí­a Civil Industrial m. Bioprocesos ', 'p'),
(178, 'Ingenierí­a Civil Industrial m. Informática ', 'p'),
(179, 'Ingenierí­a Civil Matemática ', 'p'),
(180, 'Ingenierí­a Civil Telemática ', 'p'),
(181, 'Ingenierí­a en Recursos Naturales ', 'p'),
(182, 'Licenciatura en Fí­sica Aplicada ', 'p'),
(183, 'Pedagogí­a en Castellano y Comunicación ', 'p'),
(184, 'Pedagogí­a en Eucación Fí­sica, Deportes y Recreacion ', 'p'),
(185, 'Pedagogí­a en Historia, Geografí­a y Educación ', 'p'),
(186, 'Pedagogí­a Matemática ', 'p'),
(187, 'Agronomí­a ', 'p'),
(188, 'Antropologí­a ', 'p'),
(189, 'Educación Parvularia y Psicopedagogí­a ', 'p'),
(190, 'Historiador ', 'p'),
(191, 'Historia y Geografí­a Ingreso Común Conducente ', 'p'),
(192, 'Ingenierí­a Civil Computación e Informática ', 'p'),
(193, 'Ingenierí­a Civil y Ejecución Ingreso Común ', 'p'),
(194, 'Ingenierí­a de Ejecución en Ingenierí­a Industrial ', 'p'),
(195, 'Ingenierí­a de Ejecución Mecánica ', 'p'),
(196, 'Ingenierí­a Ejecución Eléctrica ', 'p'),
(197, 'Ingenierí­a Ejecución Electrónica ', 'p'),
(198, 'Ingenierí­a Ejecución en Computación e Informática ', 'p'),
(199, 'Ingenierí­a Ejecución en Redes Computacionales ', 'p'),
(200, 'Ingenierí­a en Redes Computacionales ', 'p'),
(201, 'Ingenierí­a en Sistemas de Informacion Informatica ', 'p'),
(202, 'Ingenierí­a Matemático ', 'p'),
(203, 'Ingenierí­a Mecatrónica ', 'p'),
(204, 'Ingenierí­a Quí­mica Ambiental ', 'p'),
(205, 'Kinesiologí­a y Rehabilitación ', 'p'),
(206, 'Licenciatura en Inglés ', 'p'),
(207, 'Obstetricia y Puericultura mención gestión ', 'p'),
(208, 'Pedagogí­a en Matemática y Computación ', 'p'),
(209, 'Pedagogia en Quí­mica y Ciencias Naturales ', 'p'),
(210, 'Profesor de Educación Fí­sica ', 'p'),
(211, 'Quí­mico ', 'p'),
(212, 'Quimico Laboratorista ', 'p'),
(213, 'Tecnologí­a Médica/ Oftalmologí­a ', 'p'),
(214, 'Traductor Inglés-Castellano ', 'p'),
(215, 'Administración de Negocios Internacionales ', 'p'),
(216, 'Administración de Recursos Gastronómicos ', 'p'),
(217, 'Gestión en Turismo y Cultura ', 'p'),
(218, 'Ingenierí­a Biomédica ', 'p'),
(219, 'Ingenierí­a Civil ', 'p'),
(220, 'Ingenieria Civil en Informática ', 'p'),
(221, 'Ingenierí­a Civil Oceánica ', 'p'),
(222, 'Ingenierí­a en Estadí­stica ', 'p'),
(223, 'Licenciatura en Ciencias Socio- Económicas ', 'p'),
(224, 'Licenciatura en Fí­sica mención Astronomí­a ', 'p'),
(225, 'Matemática ', 'p'),
(226, 'Meteorologí­a ', 'p'),
(227, 'Obstetricia y Puericultura ', 'p'),
(228, 'Pedagogí­a en Biologí­a y Astronomí­a ', 'p'),
(229, 'Pedagogí­a en Biologí­a y Educación Tecnológica ', 'p'),
(230, 'Pedagogí­a en Biologí­a y Estadí­stica ', 'p'),
(231, 'Pedagogí­a en Fí­sica y Astronomí­a ', 'p'),
(232, 'Pedagogí­a en Fí­sica y Estadí­stica Educacionales ', 'p'),
(233, 'Licenciatura en Educación en Matemática ', 'p'),
(234, 'Pedagogí­a en Matemática y Ciencias Naturales ', 'p'),
(235, 'Pedagogí­a en Matemática y Astronomí­a ', 'p'),
(236, 'Pedagogí­a en Quí­mica y Astronomí­a ', 'p'),
(237, 'Pedagogí­a en Quí­mica y Educación Tecnológica ', 'p'),
(238, 'Pedagogí­a en Quí­mica e Informática Educativa ', 'p'),
(239, 'Pedagogí­a en Quí­mica y Estadí­stica Educactiva ', 'p'),
(240, 'Licenciatura en Kinesiologí­a Mención Estudio ', 'p'),
(241, 'Ingenierí­a Civil Eléctrica ', 'p'),
(242, 'Ingenierí­a Civil: Electrónica ', 'p'),
(243, 'Ingenierí­a de Ejecución en Prevención de Riesgo ', 'p'),
(244, 'Ingenierí­a de Ejecución Quí­mica ', 'p'),
(245, 'Ingenierí­a en Aviación Comercial ', 'p'),
(246, 'Ingenierí­a en Diseño de Productos ', 'p'),
(247, 'Ingenierí­a Mecánica Industrial ', 'p'),
(248, 'Piloto Comercial ', 'p'),
(249, 'Técnico Universitario Dibujante Proyectista ', 'p'),
(250, 'Técnico Universitario en Construcción Civil ', 'p'),
(251, 'Técnico Universitario en Control de Alimentos ', 'p'),
(252, 'Técnico Universitario en Electricidad ', 'p'),
(253, 'Técnico Universitario en Industrias Madereras ', 'p'),
(254, 'Técnico Universitario en Mecánica Automotriz ', 'p'),
(255, 'Técnico Universitario en Mecánica Industrial ', 'p'),
(256, 'Técnico Universitario en Prevención de Riesgo ', 'p'),
(257, 'Técnico Universitario en Proyectos de Ingenieria ', 'p'),
(258, 'Técnico Universitario en Quí­mica Analí­tica ', 'p'),
(259, 'Técnico Universitario en Quí­mica Industrial ', 'p'),
(260, 'Técnico Universitario en Sistemas Electrónico ', 'p'),
(261, 'Bachillerato en Ciencias de la Ingenierí­a ', 'p'),
(262, 'Bibliotecologí­a y Documentación ', 'p'),
(263, 'Cartografí­a ', 'p'),
(264, 'Dibujante Proyectista ', 'p'),
(265, 'Diseño en Comunicación Visual ', 'p'),
(266, 'Ingenieria Civil Industrial mención Agroindus ', 'p'),
(267, 'Ingenierí­a civil Industrial mención Sistema de informacion ', 'p'),
(268, 'Ingenierí­a en Administración Agroindustrial ', 'p'),
(269, 'Ingenierí­a en Geomensura ', 'p'),
(270, 'Ingenierí­a en Gestión Turí­stica ', 'p'),
(271, 'Ingenierí­a en Industria Alimentaria ', 'p'),
(272, 'Ingenierí­a en Industria de la Madera ', 'p'),
(273, 'Ingenierí­a en Mecánica ', 'p'),
(274, 'Ingenierí­a en Quí­mica ', 'p'),
(275, 'Ingenierí­a en Transporte y Tránsito ', 'p'),
(276, 'Ingenierí­a de Ejecución en Gestión Ambiental ', 'p'),
(277, 'Ingenierí­a en Ejecución en Gestión Pública ', 'p'),
(278, 'Música ', 'p'),
(279, 'Pedagogí­a en Lengua Castellana y Comunicación ', 'p'),
(280, 'Teatro ', 'p'),
(281, 'Literatura ', 'p'),
(282, 'Ingenierí­a Civil Agroindustrial ', 'p'),
(283, 'Ingenierí­a Civil Informática ', 'p'),
(284, 'Ingenierí­a en Administración de Empresas ', 'p'),
(285, 'Ingenierí­a en Agroindustria ', 'p'),
(286, 'Ingenierí­a en Electrónica y Telecomunicaciones ', 'p'),
(287, 'Ingenierí­a en Producción Agrí­cola ', 'p'),
(288, 'Licenciatura en Teologí­a ', 'p'),
(289, 'Pedagogí­a en Educación Fí­sica ', 'p'),
(290, 'Pedagogí­a en Educación Parvularia ', 'p'),
(291, 'Pedagogí­a en Educación Religiosa ', 'p'),
(292, 'Pedagogí­a en Inglés ', 'p'),
(293, 'Pedagogí­a en Lengua Castellana ', 'p'),
(294, 'Pedagogí­a en Música ', 'p'),
(295, 'Técnico Superior en Administración de Empresa ', 'p'),
(296, 'Técnico Superior en Alimentos ', 'p'),
(297, 'Técnico Superior en Análisis de Sistemas ', 'p'),
(298, 'Técnico Superior en Contabilidad ', 'p'),
(299, 'Técnico Superior en Electrónica ', 'p'),
(300, 'Técnico Superior en Enfermerí­a ', 'p'),
(301, 'Bachillerato en Música ', 'p'),
(302, 'Ciencia Polí­tica y Relaciones Internacionales ', 'p'),
(303, 'Ingenierí­a Comercial ', 'p'),
(304, 'Ingenierí­a Comercial para Profesionales ', 'p'),
(305, 'Licenciatura en Filosofí­a ', 'p'),
(306, 'Licenciatura en Lengua y Literatura ', 'p'),
(307, 'Licenciatura en Trabajo Social ', 'p'),
(308, 'Pedagogí­a para Profesionales ', 'p'),
(309, 'Ingenierí­a en Ejecución en Administración de empresas ', 'p'),
(310, 'Ingenierí­a Informática ', 'p'),
(311, 'Pedagogí­a y Licenciatura en Artes ', 'p'),
(312, 'Publicidad y Comunicación Integral ', 'p'),
(313, 'Técnico Universitario en Administración ', 'p'),
(314, 'Técnico Universitario en Relaciones Públicas ', 'p'),
(315, 'Ingenierí­a de Ejecución en Cartografí­a ', 'p'),
(316, 'Relaciones Públicas ', 'p'),
(317, 'Administración mención Agronegocios ', 'p'),
(318, 'Coreografí­a y Pedagogí­a en Danza - Teatro ', 'p'),
(319, 'Ingenierí­a en Ejecución en Administración de empresas ', 'p'),
(320, 'Licenciatura en Historia Social ', 'p'),
(321, 'Pedagogí­a en Educación Básica mención Inglés ', 'p'),
(322, 'Pedagogí­a en Educación Inicial ', 'p'),
(323, 'Pedagogí­a en Educación Media mención Inglés ', 'p'),
(324, 'Pedagogí­a en Educación Musical ', 'p'),
(325, 'Técnico en Administración de Empresas ', 'p'),
(326, 'Técnico en Gestión Industrial ', 'p'),
(327, 'Técnico en Prevención de Riesgos ', 'p'),
(328, 'Educación Parvularia ', 'p'),
(329, 'Ingenierí­a en Administración ', 'p'),
(330, 'Pedagogí­a en Educación Básica ', 'p'),
(331, 'Pedagogí­a en Educación Diferencial ', 'p'),
(332, 'Técnico Universitario en Educación Social ', 'p'),
(333, 'Arquitectura del Paisaje ', 'p'),
(334, 'Contabilidad y Auditoria ', 'p'),
(335, 'Ingenierí­a en Agronegocios ', 'p'),
(336, 'Ingenierí­a en Ejecución en Administración ', 'p'),
(337, 'Pedagogí­a en Biologí­a y Ciencias ', 'p'),
(338, 'Pedagogí­a en Lengua y Cultura Inglesas ', 'p'),
(339, 'Educación Básica en Inglés ', 'p'),
(340, 'Traducción Inglés-Español ', 'p'),
(341, 'Administración Pública ', 'p'),
(342, 'Analista Programador ', 'p'),
(343, 'Dramaturgia ', 'p'),
(344, 'Fonoaudiologí­a ', 'p'),
(345, 'Ingenierí­a de Ejecución en Planificación ', 'p'),
(346, 'Ingenierí­a de Ejecución Industrial ', 'p'),
(347, 'Ingenierí­a en Computación e Informática ', 'p'),
(348, 'Ingenierí­a en Construcción Civil ', 'p'),
(349, 'Ingenierí­a en Electrónica ', 'p'),
(350, 'Ingenierí­a en Negocios Internacionales ', 'p'),
(351, 'Ingenierí­a en Transporte Marí­timo ', 'p'),
(352, 'Interpretación Teatral ', 'p'),
(353, 'Medicina China y Acupuntura ', 'p'),
(354, 'Naturopatí­a Holí­stica ', 'p'),
(355, 'Orientación Familiar ', 'p'),
(356, 'Pedagogí­a en Matemática ', 'p'),
(357, 'Técnico Jurí­dico ', 'p'),
(358, 'Técnico Universitario en Agronomí­a ', 'p'),
(359, 'Técnico Universitario en Electrónica ', 'p'),
(360, 'Técnico Universitario en Naturopatí­a ', 'p'),
(361, 'Técnico Universitario en Negocios Internacion ', 'p'),
(362, 'Técnico Universitario en Paisajismo ', 'p'),
(363, 'Técnico Universitario Industrial ', 'p'),
(364, 'Terapeuta Ocupacional ', 'p'),
(365, 'Trabajo Social ', 'p'),
(366, 'Traductor e Intérprete ', 'p'),
(367, 'Artes Visuales & Fotografí­a ', 'p'),
(368, 'Comunicación Audiovisual especialidad Cine ', 'p'),
(369, 'Comunicación Audiovisual especialidad Guiones ', 'p'),
(370, 'Comunicación Audiovisual especialidad Television ', 'p'),
(371, 'Comunicación Multimedia especialidad Animación ', 'p'),
(372, 'Comunicación Multimedia especialidad Internet ', 'p'),
(373, 'Danza & Coreografí­a ', 'p'),
(374, 'Diseño de Imagen & Estilo especialidad Direccion ', 'p'),
(375, 'Diseño de Imagen & Estilo especialidad ', 'p'),
(376, 'Diseño de Imagen & Estilo especialidad Moda ', 'p'),
(377, 'Música & Sonido ', 'p'),
(378, 'Teatro y Comunicación Escénica ', 'p'),
(379, 'Traducción e Interpretariado ', 'p'),
(380, 'Bellas Artes ', 'p'),
(381, 'Diseño Escénico Integral ', 'p'),
(382, 'Fotografí­a Profesional ', 'p'),
(383, 'Historia y Ciencias Sociales ', 'p'),
(384, 'Lengua y Literatura Inglesa ', 'p'),
(385, 'Pedagogí­a en Danza ', 'p'),
(386, 'Pedagogí­a en Filosofí­a ', 'p'),
(387, 'Planificación y Gestión Local ', 'p'),
(388, 'Análisis de Sistemas ', 'p'),
(389, 'Artes Escénicas ', 'p'),
(390, 'Asistente Judicial ', 'p'),
(391, 'Conectividad y Redes ', 'p'),
(392, 'Diseño de Interiores mención Paisajismo ', 'p'),
(393, 'Ingenierí­a Ejecución Informática ', 'p'),
(394, 'Pedagogí­a en Castellano ', 'p'),
(395, 'Pedagogí­a en Inglés Enseñanza Media ', 'p'),
(396, 'Preparador Fí­sico y Entrenador Personal ', 'p'),
(397, 'Telecomunicaciones ', 'p'),
(398, 'Animación Digital ', 'p'),
(399, 'Comunicación Audiovisual y Multimedia ', 'p'),
(400, 'Creación e Interpretación Musical ', 'p'),
(401, 'Diseño ', 'p'),
(402, 'Ingenierí­a Civil Industrial ', 'p'),
(403, 'Ingenierí­a en Ejecución en Informática ', 'p'),
(404, 'Ingenierí­a en Ejecución Industrial ', 'p'),
(405, 'Ingenierí­a en Sonido ', 'p'),
(406, 'Interpretación en Canto ', 'p'),
(407, 'Interpretación en Danza ', 'p'),
(408, 'Pedagogí­a en Matemática y Estadí­stica ', 'p'),
(409, 'Teatro y Comunicación Escénica ', 'p'),
(410, 'Técnico Universitario en Computación ', 'p'),
(411, 'Técnico Universitario en Marketing de Negocio ', 'p'),
(412, 'Traducción e Intérprete en Inglés ', 'p'),
(413, 'Arte ', 'p'),
(414, 'Bachillerato en Humanidades y Ciencias Social ', 'p'),
(415, 'Cine ', 'p'),
(416, 'Diseño de Ambientes y Objetos ', 'p'),
(417, 'Diseño Digital ', 'p'),
(418, 'Ingenierí­a en Ejecución en Administración ', 'p'),
(419, 'Pedagogí­a Básica ', 'p'),
(420, 'Publicidad ', 'p'),
(421, 'Cine, Video y Televisión ', 'p'),
(422, 'Ingenierí­a Civil en Construcción ', 'p'),
(423, 'Ingenierí­a de Ejecución en Transporte Marí­timo ', 'p'),
(424, 'Ingenierí­a en Comercio Internacional ', 'p'),
(425, 'Ingenierí­a en Computación y Tecnologí­a de la informacion ', 'p'),
(426, 'Ingenierí­a en Ejecución en Computación ', 'p'),
(427, 'Ingenierí­a en Ejecución en Pesca y Acuicultura ', 'p'),
(428, 'Ingenierí­a en Ejecución Informática ', 'p'),
(429, 'Ingenierí­a en Gestión Estratégica de Marketing ', 'p'),
(430, 'Ingenierí­a en Logí­stica ', 'p'),
(431, 'Ingenierí­a en Medio Ambiente y Recursos Naturales ', 'p'),
(432, 'Ingenierí­a en Prevención de Riesgos y Medio Ambiente ', 'p'),
(433, 'Licenciatura en Criminalí­stica ', 'p'),
(434, 'Medicina ', 'p'),
(435, 'Técnico Agrí­cola ', 'p'),
(436, 'Técnico en Medicina Veterinaria ', 'p'),
(437, 'Técnico Universitario Agrí­cola ', 'p'),
(438, 'Técnico Universitario en Comercio Exterior ', 'p'),
(439, 'Técnico Universitario en Diseño Gráfico ', 'p'),
(440, 'Técnico Universitario en Medicina Veterinaria ', 'p'),
(441, 'Técnico Universitario en Medio Ambiente ', 'p'),
(442, 'Técnico Universitario en Nutrición ', 'p'),
(443, 'Técnico Universitario en Preparación Fí­sica ', 'p'),
(444, 'Técnico Universitario en Transporte Marí­timo ', 'p'),
(445, 'Técnico Universitario en Turismo y Hotelerí­a ', 'p'),
(446, 'Técnico Universitario Perito Forense ', 'p'),
(447, 'Administración de Servicios ', 'p'),
(448, 'Bachillerato en Humanidades ', 'p'),
(449, 'Doble Licenciatura Filosofí­a - Comunicación ', 'p'),
(450, 'Doble Licenciatura Ingenierí­a Comercial ', 'p'),
(451, 'Ingenierí­a ', 'p'),
(452, 'Odontologí­a ', 'p'),
(453, 'Comunicación Multimedia ', 'p'),
(454, 'Dirección y Producción de Eventos ', 'p'),
(455, 'Diseño de Vestuario y Textiles ', 'p'),
(456, 'Educación Fí­sica ', 'p'),
(457, 'Ingenierí­a en Gestión Aeronáutica ', 'p'),
(458, 'Música y Tecnologí­a ', 'p'),
(459, 'Psicologí­a Visión Humanista Transpersonal ', 'p'),
(460, 'Diseño Interior ', 'p'),
(461, 'Educación Básica ', 'p'),
(462, 'Ingenierí­a en Gestión de Negocios ', 'p'),
(463, 'Ingenierí­a en Medioambiente ', 'p'),
(464, 'Ingenierí­a en Sortware ', 'p'),
(465, 'Pedagogí­a en Artes ', 'p'),
(466, 'Pedagogí­a en Biologí­a ', 'p'),
(467, 'Pedagogí­a en Historia ', 'p'),
(468, 'Pedagogí­a en Literatura ', 'p'),
(469, 'Pedagogí­a en Quí­mica ', 'p'),
(470, 'Tecnologí­a en Administración de Empresas ', 'p'),
(471, 'Tecnologí­a en Informática ', 'p'),
(472, 'Tecnologí­a en Prevención de Riesgos y Medioambiente ', 'p'),
(473, 'Bachillerato en Ciencias Sociales y Humanidades ', 'p'),
(474, 'Ciencias Polí­ticas ', 'p'),
(475, 'Contador Auditor ', 'p'),
(476, 'Historia ', 'p'),
(477, 'Ingenierí­a Civil en Informática y Telecomunicion ', 'p'),
(478, 'Ingenierí­a Civil en Obras Civiles ', 'p'),
(479, 'Ingenierí­a en Control de Gestión ', 'p'),
(480, 'Ingenierí­a en Finanzas ', 'p'),
(481, 'Ingenierí­a en Industria y Lógica ', 'p'),
(482, 'Ingenierí­a en Informática y Gestión ', 'p'),
(483, 'Ingenierí­a en Marketing ', 'p'),
(484, 'Artes. Menciones: Escultura, Pintura, Grabado ', 'p'),
(485, 'Ciencias de la Familia ', 'p'),
(486, 'Educación General Básica ', 'p'),
(487, 'Pedagogí­a Educación Media ', 'p'),
(488, 'Pedagogí­a en Religión ', 'p'),
(489, 'Periodismo ', 'p'),
(490, 'Administración de Empresas ', 'p'),
(491, 'Administración de Empresas en Marketing ', 'p'),
(492, 'Administración de Organizaciones Deportivas ', 'p'),
(493, 'Construcción Civil y Gestión de Empresas ', 'p'),
(494, 'Diseño Crossmedia ', 'p'),
(495, 'Filosofí­a ', 'p'),
(496, 'Ingenierí­a Civil en Estructuras y Geotecnia ', 'p'),
(497, 'Ingenierí­a Comercial mención Administración ', 'p'),
(498, 'Ingenierí­a de Ejecución Web Manager ', 'p'),
(499, 'Licenciatura en Enseñanza Media ', 'p'),
(500, 'Producción CrossMedia en Gráfica, Web y Video ', 'p'),
(501, 'Agronomí­a mención Cultivos y Hortalizas ', 'p'),
(502, 'Agronomí­a mención Fruitucultura y Enologí­a ', 'p'),
(503, 'Ingenierí­a de Ejecución en Biomédica ', 'p'),
(504, 'Ingenierí­a en Alimentos ', 'p'),
(505, 'Ingenierí­a en Criminalí­stica ', 'p'),
(506, 'Ingenierí­a en Ejecución Electrónica ', 'p'),
(507, 'Ingenierí­a en Ejecución en Industria Alimentacion ', 'p'),
(508, 'Licenciatura de Ciencias de la Familia ', 'p'),
(509, 'Pedagogí­a en Fí­sica y Matemáticas ', 'p'),
(510, 'Pedagogí­a en Quí­mica y Biologí­a ', 'p'),
(511, 'Arqueologí­a ', 'p'),
(512, 'Conservación y Restauración de Bienes Cultural ', 'p'),
(513, 'Fonoaudiologí­a Educacional ', 'p'),
(514, 'Historia del Arte ', 'p'),
(515, 'Ingenierí­a en Informática de Sistemas ', 'p'),
(516, 'Ingenierí­a en Redes y Conectividad ', 'p'),
(517, 'Planificación y Gestión Turí­stica ', 'p'),
(518, 'Ciencia Polí­tica ', 'p'),
(519, 'Diseño Gráfico y Multimedia ', 'p'),
(520, 'Pedagogí­a en Artes Visuales ', 'p'),
(521, 'Pedagogí­a en Historia y Geografí­a ', 'p'),
(522, 'Comunicación Audiovisual ', 'p'),
(523, 'Comunicación Organizacional ', 'p'),
(524, 'Danza ', 'p'),
(525, 'Diseño de Ambientes ', 'p'),
(526, 'Diseño de Animación Digital ', 'p'),
(527, 'Diseño Gráfico ', 'p'),
(528, 'Diseño Industrial ', 'p'),
(529, 'Ingenierí­a Civil Industrial espec. Informática ', 'p'),
(530, 'Ingenierí­a de Ejecución Electrónica espec. Telecomicaciones ', 'p'),
(531, 'Terapia Ocupacional ', 'p'),
(532, 'Educación Especial ', 'p'),
(533, 'Bachillerato en Artes ', 'p'),
(534, 'Bachillerato en Ciencias ', 'p'),
(535, 'Biologí­a Marina ', 'p'),
(536, 'Ecoturismo ', 'p'),
(537, 'Educación Musical ', 'p'),
(538, 'Ingenierí­a en Automatización y Robótica ', 'p'),
(539, 'Ingenierí­a en Biotecnologí­a ', 'p'),
(540, 'Ingenierí­a en Construcción ', 'p'),
(541, 'Ingenierí­a en Gestión Informática ', 'p'),
(542, 'Ingenierí­a en Logí­stica y Transporte ', 'p'),
(543, 'Ingenierí­a en Redes y Comunicación de Datos ', 'p'),
(544, 'Ingenierí­a en Seguridad y Prevención de riesgos ', 'p'),
(545, 'Ingenierí­a en Turismo y Hotelerí­a ', 'p'),
(546, 'Ingenierí­a Fí­sica ', 'p'),
(547, 'Ingenierí­a Industrial ', 'p'),
(548, 'Licenciatura en Literatura ', 'p'),
(549, 'Nutrición y Dietética ', 'p'),
(550, 'Psicopedagogí­a ', 'p'),
(551, 'Ciencias Criminalí­stico ', 'p'),
(552, 'Educación Básica m/ Informática Educativa ', 'p'),
(553, 'Educación Esp. Mención Dificultades del Aprendisaje ', 'p'),
(554, 'Educación Parvularia mención Expresión Artí­stica ', 'p'),
(555, 'Gestión Hotelera Bilingí¼e ', 'p'),
(556, 'Guí­a Bilingí¼e de Turismo Aventura ', 'p'),
(557, 'Salud Natural Intregativa ', 'p'),
(558, 'Educación Fí­sica y Deportes ', 'p'),
(559, 'Ciencias Polí­ticas y Gestión Pública ', 'p'),
(560, 'Ingenierí­a en Turismo ', 'p'),
(561, 'Pedagogí­a en Historia y Ciencias Sociales ', 'p'),
(562, 'Técnico en Enfermerí­a ', 'p'),
(563, 'Actuación ', 'p'),
(564, 'Bachillerato en Ciencias Sociales ', 'p'),
(565, 'Biotecnologí­a ', 'p'),
(566, 'Educación Básica ', 'p'),
(567, 'Ingenierí­a en Ejecución Agropecuaria ', 'p'),
(568, 'Tecnologí­a Médica ', 'p'),
(569, 'Dirección de arte ', 'p'),
(570, 'Diseño de objetos y ambientes ', 'p'),
(571, 'Diseño de vestuario ', 'p'),
(572, 'Diseño teatral ', 'p'),
(573, 'Fotografí­a ', 'p'),
(574, 'Ingenierí­a civil en sonido y acústica ', 'p'),
(575, 'Ingenierí­a en automatización y control industrial ', 'p'),
(576, 'Pedagogí­a en artes musicales ', 'p'),
(577, 'Pedagogí­a en artes y diseño ', 'p'),
(578, 'Pedagogí­a en teorí­a e historia del arte ', 'p'),
(579, 'Producción musical ', 'p'),
(580, 'Tecnologí­a en sonido ', 'p'),
(581, 'Terapia artí­stica mención artes visuales ', 'p'),
(582, 'Terapia artí­stica mención música ', 'p'),
(583, 'Terapia del lenguaje ', 'p'),
(584, 'Administración de Empresas ', 'tp'),
(585, 'Contabilidad ', 'tp'),
(586, 'Gestión de Calidad ', 'tp'),
(587, 'Asistente Ejecutivo ', 'tp'),
(588, 'Prevención de Riesgos ', 'tp'),
(589, 'Jurí­dico ', 'tp'),
(590, 'Fotografí­a periodí­stica ', 'tp'),
(591, 'Fotografí­a publicitaria ', 'tp'),
(592, 'Fotografí­a ', 'tp'),
(593, 'Ilustración artí­stica ', 'tp'),
(594, 'Gestión y producción de eventos ', 'tp'),
(595, 'Diseño y producción de gráfica digital ', 'tp'),
(596, 'Diplomado en fotografí­a digital ', 'tp'),
(597, 'Diplomado en gestión cultural ', 'tp'),
(598, 'Agente de Ventas Mención Visitador Médico ', 'tp'),
(599, 'Laboratorista Dental ', 'tp'),
(600, 'Podologia ', 'tp'),
(601, 'Auxiliar paramedico ', 'tp'),
(602, 'Manejo de computadores ', 'tp'),
(603, 'Seguridad os10 ', 'tp'),
(604, 'Gasfiterí­a ', 'tp'),
(605, 'Gestión Financiera e Inversiones ', 'tp'),
(606, 'Análisis de Sistemas ', 'tp'),
(607, 'Asistente Computacional Bilingí¼e ', 'tp'),
(608, 'Comercio Exterior ', 'tp'),
(609, 'Decoración de Interiores ', 'tp'),
(610, 'Dibujo Técnico ', 'tp'),
(611, 'Secretariado Ejecutivo Bilingí¼e ', 'tp'),
(612, 'Secretariado Ejecutivo Computacional ', 'tp'),
(613, 'Soporte En Redes Computacionales ', 'tp'),
(614, 'Técnico Jurí­dico ', 'tp'),
(615, 'Turismo ', 'tp'),
(616, 'Ventas y Negociación Comercial ', 'tp'),
(617, 'Diseño artí­stico de vestuario ', 'tp'),
(618, 'Diseño de vestuario computacional ', 'tp'),
(619, 'Alta costura corte y diseño de vestuario ', 'tp'),
(620, 'técnico de nivel superior en diseño de vestuario ', 'tp'),
(621, 'Asistente Juridico ', 'tp'),
(622, 'Técnico en Computación ', 'tp'),
(623, 'Téc. Asistente De Educ. Parvularia ', 'tp'),
(624, 'Turismo y Hotelerí­a ', 'tp'),
(625, 'Secretariado Ejecución Jurí­dico Computación ', 'tp'),
(626, 'Contabilidad y Auditorí­a ', 'tp'),
(627, 'Técnico de Nivel Superior en Deportes ', 'tp'),
(628, 'Técnico de Nivel Superior en Enfermerí­a ', 'tp'),
(629, 'Técnico de Nivel Superior en Odontologí­a ', 'tp'),
(630, 'Técnico de Nivel Superior en Preparación Fí­sica ', 'tp'),
(631, 'Técnico de Nivel Superior en Gestión y Soporte de Redes ', 'tp'),
(632, 'Técnico de Nivel Superior en Análisis de Sistemas ', 'tp'),
(633, 'Técnico de Nivel Superior en Diseño Gráfico y Producción Digital ', 'tp'),
(634, 'Técnico de Nivel Superior en Contabilidad General ', 'tp'),
(635, 'Técnico de Nivel Superior en Gastronomí­a y Cocina ', 'tp'),
(636, 'Técnico de Nivel Superior en Prevención de Riesgos y Medio Ambiente ', 'tp'),
(637, 'Técnico de Nivel Superior en Construcción ', 'tp'),
(638, 'Técnico de Nivel Superior en Electrónica Industrial, Mención Control Automát', 'tp'),
(639, 'Técnico de Nivel Superior Jurí­dico ', 'tp'),
(640, 'Técnico superior juridico ', 'tp'),
(641, 'Técnico superior en farmacia ', 'tp'),
(642, 'Técnico superior en estetica integral y cosmetologia ', 'tp'),
(643, 'Técnico superior audio-protesista ', 'tp'),
(644, 'Técnico superior en alimentos y nutrición ', 'tp'),
(645, 'Técnico superior en ciencias de la familia y mediacion ', 'tp'),
(646, 'Optica ', 'tp'),
(647, 'Técnico superior en educacion especial y diferenciada ', 'tp'),
(648, 'Contador Auditor ', 'tp'),
(649, 'Ingenierí­a en Administración de Empresas ', 'tp'),
(650, 'Nutrición y Dietética ', 'tp'),
(651, 'Ingenierí­a en Informática ', 'tp'),
(652, 'Ingenierí­a en Construcción ', 'tp'),
(653, 'Ingenierí­a en prevención de riesgos. ', 'tp'),
(654, 'Artes Culinarias y Gastronomí­a Internacional ', 'tp'),
(655, 'Comunicación Audiovisual con mención en Dirección y Producción de TV ', 'tp'),
(656, 'Dirección y producción de eventos ', 'tp'),
(657, 'Diseño de Vestuario con Mención en Confección y Moldaje Industrial ', 'tp'),
(658, 'Administración de empresas y contabilidad ', 'tp'),
(659, 'Auxiliar de párvulos computacional ', 'tp'),
(660, 'Asistente jurí­dico computacional ', 'tp'),
(661, 'Ingles ejecutivo ', 'tp'),
(662, 'Operación de computadores ', 'tp'),
(663, 'Digitación en entrada de datos ', 'tp'),
(664, 'Técnico en Agricultura Ecológica ', 'tp'),
(665, 'Técnico en Ecoturismo ', 'tp'),
(666, 'Técnico en Energí­as Renovables y Eficiencia Energética ', 'tp'),
(667, 'Técnico en Medio Ambiente ', 'tp'),
(668, 'Técnico en Paisajismo ', 'tp'),
(669, 'Técnico en Salud y Terapias Naturales ', 'tp'),
(670, 'Técnico en Minerí­a y Geologí­a ', 'tp'),
(671, 'Técnico en Prevención de Riesgos y Medio Ambiente ', 'tp'),
(672, 'Técnico Veterinario ', 'tp'),
(673, 'Técnico en enfermeria ', 'tp'),
(674, 'Cocina nacional e internacional ', 'tp'),
(675, 'Secretariado gerencial bilingí¼e ', 'tp'),
(676, 'Mecanica automotriz ', 'tp'),
(677, 'Tecnico en educacion parvularia ', 'tp'),
(678, 'Administracion y gestion de empresas ', 'tp'),
(679, 'Masoterapia ', 'tp'),
(680, 'Técnico juridico prevencion de riesgos ', 'tp'),
(681, 'Redes y telecomunicaciones ', 'tp'),
(682, 'Soporte computacional ', 'tp'),
(683, 'Diseño grafico computacional ', 'tp'),
(684, 'Fotografí­a y comunicación visual ', 'tp'),
(685, 'Comercio exterior y relaciones internacionales ', 'tp'),
(686, 'Técnico deportivo ', 'tp'),
(687, 'Turismo de Aventura ', 'tp'),
(688, 'Administración Hotelera ', 'tp'),
(689, 'Turismo Técnico Mención Empresas Turí­sticas ', 'tp'),
(690, 'Turismo Técnico Mención Servicios Aerocomerciales ', 'tp'),
(691, 'Gastronomí­a ', 'tp'),
(692, 'Analista Programador Computacional ', 'tp'),
(693, 'Técnico en Telecomunicaciones ', 'tp'),
(694, 'Dibujo Arquitectónico y Estructural ', 'tp'),
(695, 'Técnico en Instalaciones Eléctricas ', 'tp'),
(696, 'Técnico en Prevención de Riesgos PEV ', 'tp'),
(697, 'Técnico Topógrafo ', 'tp'),
(698, 'Restauración Patrimonial ', 'tp'),
(699, 'Tecnologí­a en Sonido ', 'tp'),
(700, 'Publicidad Técnica Mención Producción Digital ', 'tp'),
(701, 'Técnico Audiovisual ', 'tp'),
(702, 'Administración de Recursos Humanos ', 'tp'),
(703, 'Administración Financiera ', 'tp'),
(704, 'Contabilidad General M/Legislación Tributaria ', 'tp'),
(705, 'Administración de Empresas Mención Marketing ', 'tp'),
(706, 'Administración de Ventas ', 'tp'),
(707, 'Técnico en Servicios Financieros y Bancarios ', 'tp'),
(708, 'Técnico en Gestión Logí­stica ', 'tp'),
(709, 'Técnico en Mecánica Automotriz y Autotrónica ', 'tp'),
(710, 'Técnico en Electricidad y Electrónica ', 'tp'),
(711, 'Técnico en Instrumentación y Automatización Industrial ', 'tp'),
(712, 'Técnico en Maquinaria y Vehí­culos Pesados ', 'tp'),
(713, 'Técnico en Mantenimiento Industrial ', 'tp'),
(714, 'Técnico en Energí­a Renovable y Eficiencia Energética ', 'tp'),
(715, 'Técnico en Diseño Gráfico ', 'tp'),
(716, 'Ilustración Digital ', 'tp'),
(717, 'Técnico Agrí­cola ', 'tp'),
(718, 'Técnico en Odontologí­a ', 'tp'),
(719, 'Fisioterapeuta Deportivo ', 'tp'),
(720, 'Preparador Fí­sico ', 'tp'),
(721, 'Técnico de Enfermerí­a ', 'tp'),
(722, 'Técnico de Laboratorio Clí­nico y Banco de Sangre ', 'tp'),
(723, 'Técnico de Radiodiagnóstico y Radioterapia ', 'tp'),
(724, 'tecnico financiero ', 'tp'),
(725, 'tecnico en gestion de servicios financieros ', 'tp'),
(726, 'tecnico en comercio internacional ', 'tp'),
(727, 'Técnico de Nivel Superior en Administración en Salud ', 'tp'),
(728, 'Técnico de Nivel Superior en Enfermerí­a Obstétrica ', 'tp'),
(729, 'Técnico de Nivel Superior en Podologí­a ', 'tp'),
(730, 'Técnico de Nivel Superior en Terapias Naturales ', 'tp'),
(731, 'Técnico Dental (Plan Especial) ', 'tp'),
(732, 'Técnico Dental de Nivel Superior mención Asistente, Higienista y Laboratorista', 'tp'),
(733, 'Técnico en Enfermerí­a con Nivelación ', 'tp'),
(734, 'Técnico en Enfermerí­a Plan Estándar ', 'tp'),
(735, 'Auditoria (CSI) ', 'tp'),
(736, 'Contador General ', 'tp'),
(737, 'Ingenierí­a de Ejecución en Administración de Empresas ', 'tp'),
(738, 'Ingenieria de Ejecución en Administración Pública ', 'tp'),
(739, 'Ingenierí­a de Ejecución en Administración Pública, CSI ', 'tp'),
(740, 'Ingenierí­a en Gestión Empresarial ', 'tp'),
(741, 'Secretariado Ejecutivo Bilingue mención Comercio Exterior ', 'tp'),
(742, 'Técnico de Nivel Superior en Administración de Empresas mención RR.HH ', 'tp'),
(743, 'Técnico de Nivel Superior en Administración Pública ', 'tp'),
(744, 'Técnico de Nivel Superior en Auditoria ', 'tp'),
(745, 'Técnico Jurí­dico de Nivel Superior mención Documentologí­a ', 'tp'),
(746, 'Construcción Civil ', 'tp'),
(747, 'Educación Parvularia ', 'tp'),
(748, 'Pedagogí­a en Historia y Geografí­a ', 'tp'),
(749, 'Pedagogí­a en Inglés ', 'tp'),
(750, 'Psicopedagogí­a ', 'tp'),
(751, 'Técnico de Nivel Superior en Deporte y Recreación ', 'tp'),
(752, 'Técnico de Nivel Superior en Educación Parvularia ', 'tp'),
(753, 'Técnico de Nivel Superior en Educación Parvularia mención Inglés ', 'tp'),
(754, 'Técnico de Nivel Superior en Trabajo Social ', 'tp'),
(755, 'Técnico de Nivel Superior en Traducción Inglés Español ', 'tp'),
(756, 'Técnico en Administración de Empresas mención Marketing y Comunicación ', 'tp'),
(757, 'Técnico en Educación Diferencial ', 'tp'),
(758, 'Trabajo Social ', 'tp'),
(759, 'Ingenierí­a de Ejecución en Prevención de Riesgos y Medio Ambiente ', 'tp'),
(760, 'Programación de Computadores ', 'tp'),
(761, 'Técnico Agricola de Nivel Superior ', 'tp'),
(762, 'Técnico de Nivel Superior en Informática ', 'tp'),
(763, 'Técnico de Nivel Superior en Informática mención Seguridad ', 'tp'),
(764, 'Técnico de Nivel Superior en Informática y Redes ', 'tp'),
(765, 'Técnico de NIvel Superior en Metalurgia ', 'tp'),
(766, 'Técnico de Nivel Superior en Minerí­a ', 'tp'),
(767, 'Técnico de Nivel Superior en Topografí­a ', 'tp'),
(768, 'Técnico en Nivel Superior en Geologí­a ', 'tp'),
(769, 'Diseño Gráfico Publicitario ', 'tp'),
(770, 'Técnico de Nivel Superior en Diseño Digital mención Ilustración ', 'tp'),
(771, 'Técnico de Nivel Superior en Fotografí­a mención Artistica y Comercial ', 'tp'),
(772, 'Técnico de Nivel Superior en Fotografí­a Periodí­stica y Publicitaria ', 'tp'),
(773, 'Técnico de Nivel Superior en Fotografí­a, Arte y Comunicación ', 'tp'),
(774, 'Contabilidad ', 't'),
(775, 'Administración de empresas ', 't'),
(776, 'Electrónica ', 't'),
(777, 'Electricidad ', 't'),
(778, 'Alimentación ', 't'),
(779, 'Párvulos ', 't'),
(780, 'Enfermerí­a ', 't'),
(781, 'Mecánica automotriz ', 't'),
(782, 'Turismo ', 't'),
(783, 'Secretariado ', 't'),
(784, 'Telecomunicaciones ', 't');


--instituciones--

INSERT INTO "MP_institucion"(
            id, nombre, Colegio)
    VALUES

(1118, 'Liceo Instituto Nacional', True),
(1119, 'Liceo Javiera Carrera', True),
(1120, 'Liceo Isaura Dinator de guzman', True),
(1121, 'Liceo teresa prat de sarratea', True),
(1122, 'Liceo nro 2 miguel luis amunategui', True),
(1123, 'Liceo de aplicacion rector jorge e schne', True),
(1124, 'Liceo manuel barros borgono', True),
(1125, 'Liceo confederacion suiza', True),
(1126, 'Liceo poliv.lib. gral jose de san martin', True),
(1127, 'Liceo dario salas', True),
(1128, 'internado nacional barros arana', True),
(1129, 'Liceo industrial eleodoro garcia zegers', True),
(1130, 'Liceo politec. pdte. gabriel gonzalez videla', True),
(1131, 'inst.sup.de comercio eduardo frei m.', True),
(1132, 'Escuela bas. republica oriental de uruguay', True),
(1133, 'Escuela basica provincia de chiloe', True),
(1134, 'Escuela basica republica de colombia', True),
(1135, 'Escuela basica republica de panama', True),
(1136, 'Escuela cadete arturo prat chacon', True),
(1137, 'Escuela basica irene frei de cid', True),
(1138, 'Escuela basica libertadores de chile', True),
(1139, 'Escuela basica benjamin vicuna mackenna', True),
(1140, 'Liceo republica de brasil', True),
(1141, 'Escuela republica de israel', True),
(1142, 'Escuela basica republica de haiti', True),
(1143, 'Escuela especial adultos penitencieria', True),
(1144, 'Escuela basica dr luis calvo mackenna', True),
(1145, 'Escuela fernando alessandri rodriguez', True),
(1147, 'Escuela esp. leng. cardenal raul silva h.', True),
(1148, 'Escuela bas salvador sanfuentes rep eeuu', True),
(1149, 'Liceo municipal metropolitano de adultos', True),
(1150, 'Escuela republica el libano', True),
(1151, 'Escuela republica de alemania', True),
(1152, 'Escuela basica de chile', True),
(1153, 'Escuela basica republica de mexico', True),
(1154, 'Escuela diferencial edmundo de amicis', True),
(1155, 'Escuela basica republica del ecuador', True),
(1156, 'centro detencion preventiva de menores', True),
(1157, 'Escuela basica reina victoria', True),
(1158, 'Escuela basica reyes catolicos', True),
(1159, 'Colegio piloto pardo', True),
(1160, 'Escueladiferencial republica de sudafrica', True),
(1161, 'Escuela centro de capacitacion laboral', True),
(1163, 'Escuela diferencial juan sandoval c', True),
(1164, 'miguel de cervantes y saavedra anexo a-8', True),
(1165, 'Liceo miguel de cervantes y saavedra', True),
(1166, 'Escuela especial apostol', True),
(1167, 'Escuela de parv. parque o?higgins', True),
(1168, 'centro educativo ochagavia', True),
(1169, 'Escuela poetas de chile', True),
(1170, 'Escuela la victoria', True),

(171, 'Liceo municipal enrique backausse', True),
(172, 'Escuela centro educ. rep. mexicana', True),
(173, 'Escuela poeta gonzalo rojas', True),
(174, 'Escuela basica ricardo e. latchman', True),
(175, 'Escuela de parvulos rayito de luz', True),
(176, 'Escuela boroa', True),
(177, 'Liceo polivalente eugenio pereira salas', True),
(178, 'Escuela lo valledor', True),
(179, 'Escuela ciudad de barcelona', True),
(180, 'Escuela villa sur', True),
(181, 'Colegio parque las americas', True),
(182, 'Escuela basica municipal risopatron', True),
(183, 'Liceo luis galecio corvera', True),
(184, 'Liceo betsabe hormazabal de alarcon', True),
(185, 'Liceo andres bello', True),
(186, 'Escuela bas. gabriela mistral de', True),
(187, 'Escuela general basica santa fe', True),
(188, 'Escuela territorio antartico', True),
(189, 'Escuela llano subercaseaux', True),
(190, 'Escuela villa', True),
(191, 'Escuela basica municipal', True),
(192, 'Escuela especial los cedros del libano', True),
(193, 'inst. reg. educ adultos', True),
(194, 'Escuela esp. de adultos hugo morales bizama', True),
(195, 'centro educacional horacio aravena a.', True),
(196, 'Escuela basica ciudad de frankfort', True),
(198, 'Escuela basica fray camilo henriquez', True),
(199, 'Escuela poeta victor domingo silva', True),
(200, 'centro educ. provincia de í‘uble', True),
(201, 'Escuela provincia de nuble', True),
(202, 'Escuela bas. y esp. su santidad juan xxiii', True),
(203, 'centro educacional municipal', True),
(204, 'Escuela poeta neruda', True),
(205, 'Liceo santa maria eufrasia', True),
(206, 'centro educacional baldomero lillo', True),
(207, 'Liceo fidel pinochet le-brun-sn.bernado', True),
(208, 'Liceo elvira brady maldonado-sn.bernardo', True),
(209, 'Liceo ind. miguel aylwin gajardo', True),
(210, 'Escuela pilar moliner de nuez', True),
(211, 'Escuela republica del brasil', True),
(212, 'Escuela isabel riquelme', True),
(213, 'Escuela l.gral. bernardo o?higgins', True),
(214, 'Escuela basica lucila godoy alcayaga', True),
(215, 'Liceo poliv. lucila godoy alcayaga', True),
(216, 'Escuela general rene schneider chereau', True),
(217, 'Escuela alemania', True),
(218, 'Escuela republica de los ee.uu. de america', True),
(219, 'Escuela javiera carrera verdugo', True),
(220, 'Escuela manuel magallanes moure', True),
(221, 'Escuela republica del peru', True),
(222, 'Escuela diego portales', True),
(223, 'Escuela mahuida', True),
(224, 'Escuela nuevo porvenir', True),
(225, 'Escuela basica dr luis sepulveda salvati', True),
(226, 'Escuela escritora marcela paz', True),
(227, 'Escuela espana', True),
(228, 'Escuela ignacio carrera pinto', True),
(229, 'Escuela de educacion diferencial', True),
(230, 'Escuela sta. teresa de los morros', True),
(231, 'Escuela benjamin viel', True),
(232, 'Escuela abraham lincoln', True),
(233, 'Escuela basica antupillan', True),
(234, 'Liceo de adultos pucara de chena', True),
(235, 'Escuela eleodoro yanez ponce de leon', True),
(236, 'Escuela cardenal antonio samore', True),
(237, 'Escuela haras los condores', True),
(238, 'Escuela teresa garcia huidobro', True),
(239, 'Liceo clara solovera', True),
(240, 'hernan merino correa', True),
(241, 'Liceo industrial hardware', True),
(242, 'Escuela basica cinco pinos', True),
(243, 'Escuela basica valle de lluta', True),
(244, 'Liceo valle de lluta', True),
(245, 'Escuela part.comandante carlos condell', True),
(246, 'Escuela basica municipalizado jaime guzman errazuriz', True),
(247, 'centro educ. padre alberto hurtado', True),
(248, 'Liceo municipal poetisa gabriela mistral', True),
(249, 'Colegio lonquen', True),
(250, 'Liceo 131', True),
(251, 'Escuela rayen mapu', True),
(252, 'Colegio de maipo', True),
(253, 'Liceo alto jahuel', True),
(254, 'Liceo los guindos', True),
(255, 'Escuela villaseca', True),
(256, 'Liceo francisco javier kruger alvarado', True),
(257, 'Escuela valdivia', True),
(258, 'Escuela lo salinas', True),
(259, 'Escuela humberto moreno ramirez', True),
(260, 'Escuela los rosales del bajo', True),
(261, 'Escuela viluco', True),
(262, 'Escuela andres puig ferrer', True),
(263, 'Escuela especial defic mental camposano', True),
(264, 'Escuela los aromos de el recurso', True),
(265, 'Escuela bas. de adultos agustin calderon roja', True),
(266, 'Liceo tecnico profesional', True),
(267, 'centro educ. enrique bernstein carabante', True),
(268, 'Escuela alemania', True),
(269, 'Escuela de hospital', True),
(270, 'Liceo maria carvajal fuenzalida', True),
(271, 'Escuela elias sanchez ortuzar', True),
(272, 'Escuela barbara kast rist', True),
(273, 'Escuela raul sanchez cerda', True),
(274, 'Escuela carmen reveco nunez', True),
(275, 'Colegio challay', True),
(276, 'Escuela ricardo sanchez cerda', True),
(277, 'Escuela sendero de culitrin', True),
(278, 'Escuela las colonias', True),
(279, 'Escuela francisco letelier valdes', True),
(280, 'Escuela huelquen', True),
(281, 'Escuela aguila sur', True),
(282, 'Escuela hugo pino vilchez', True),
(283, 'Liceo municipal de adultos miguel campino', True),
(284, 'Escuela basica municipal paula jaraquemada', True),
(285, 'centro duc.cardenal jose maria caro', True),
(286, 'Liceo polivalente', True),
(287, 'Escuela basica salomon sack', True),
(288, 'Escuela conquistando futuro', True),
(289, 'Escuela blue star college', True),
(290, 'Escuela basica santa adriana', True),
(291, 'Escuela basica acapulco', True),
(292, 'Colegio hernan olguin', True),
(293, 'Liceo teniente francisco mery aguirre', True),
(294, 'Escuela basica clara estrella', True),
(295, 'Escuela raul saez saez', True),
(296, 'Escuela basica bernardo o?higgins', True),
(297, 'Escuela bas. republica de felipinas', True),
(298, 'Escuela basica coeducacional', True),
(299, 'Escuela especial de educacion', True),
(300, 'Liceo christa mc auliffe', True),
(301, 'Liceo juan gomez millas', True),
(302, 'Escuela basica aviadores', True),
(303, 'Escuela basica mario arce gatica', True),
(304, 'complejo educacional', True),
(305, 'Escuela chile california', True),
(306, 'Escuela basica villa santa elena', True),
(307, 'Escuela ciudad de lyon', True),
(308, 'Escuela basica paul harris', True),
(309, 'Escuela nemesio antunez', True),
(311, 'Liceo elena caffarena morice', True),
(312, 'Escuela marcial martinez ferrari', True),
(313, 'Escuela general alberto a. bachelet martinez', True),
(314, 'Escuela bernardo leighton', True),
(315, 'Escuela claudio arrau leon', True),
(316, 'Escuela orlando letelier', True),
(317, 'Escuela basica fray luis beltran', True),
(318, 'centro educacional matias cousino', True),
(319, 'Colegio batalla de la concepcion', True),
(320, 'Escuela bas. pdte. salvador allende g.', True),
(321, 'Escuela bas. los heroes de yungay', True),
(322, 'Liceo polivalente francisco frias v.', True),
(323, 'Escuela basica dr alejandro del rio', True),
(324, 'Liceo doctor alejandro del rio', True),
(325, 'Escuela bas. malaquias concha', True),
(326, 'Liceo malaquias concha', True),
(327, 'Escuela bas. tecno sur', True),
(328, 'Escuela basica ventura maturana barahona', True),
(329, 'Escuela belgica', True),
(330, 'Colegio municipal proceres de chile', True),
(331, 'Escuela bas. la araucania', True),
(332, 'Escuela diferencial santa teresita de los andes', True),
(333, 'Escuela bas. sanitas', True),
(334, 'Escuela bas. poeta oscar castro zuniga', True),
(335, 'Escuela basica islas de chile', True),
(336, 'Liceo municipal poeta neruda', True),
(337, 'Escuela bas. benjamin subercaseaux', True),
(338, 'Escuela bas. reina guillermina de holanda', True),
(339, 'Liceo politecnico abdon cifuentes', True),
(340, 'Liceo politecnico ciencia y tecnologia', True),
(341, 'Colegio naciones unidas', True),
(342, 'Colegio palestino', True),
(343, 'Escuela (Liceo veneciano )', True),
(344, 'Escuela esperanza joven', True),
(345, 'Escuela bas. oscar encalada yovanovich', True),
(347, 'Escuela basica portal', True),
(348, 'Colegio municipal antu', True),
(349, 'Escuela sergio silva acuna', True),
(350, 'Liceo municipalizado araucania', True),
(351, 'Escuela basica sendero del saber', True),
(352, 'Escuela basica educadores de chile', True),
(353, 'Liceo domingo faustino sarmiento', True),
(354, 'Liceo municipal purkuyen', True),
(355, 'Escuela ninahue', True),
(356, 'centro educacional municipal', True),
(357, 'centro educacional mirador', True),
(358, 'Escuela basica tupahue', True),
(359, 'Escuela basica karelmapu', True),
(360, 'Escuela basica villa la cultura', True),
(361, 'Escuela basica aliven', True),
(362, 'Escuela especial de adultos', True),
(363, 'Liceo municipalizado amanda labarca', True),
(364, 'Colegio antartica chilena', True),
(365, 'Colegio san francisco del alba', True),
(366, 'Liceo juan pablo ii', True),
(367, 'Liceo simon bolivar', True),
(368, 'Escuela de educ. diferencial paul harris', True),
(369, 'Liceo santa maria', True),
(370, 'Colegio leonardo da vinci', True),
(371, 'Liceo polivalente arturo alessandri p.', True),
(372, 'Liceo a-43 Liceo siete de ninas', True),
(373, 'Liceo carmela carvajal de prat', True),
(374, 'Liceo jose victorino lastarria', True),
(375, 'Liceo b 42 tajamar', True),
(376, 'Escuela basica el vergel', True),
(377, 'Escuela abelardo iturriaga jamett', True),
(378, 'Escuela basica juan pablo duarte', True),
(379, 'Escuela basica mercedes marin del solar', True),
(380, 'Escuela de parv. madre bernarda morin', True),
(381, 'complejo educacional', True),
(382, 'Liceo eugenio maria de hostos', True),
(383, 'Colegio municipalizado confederac suiza', True),
(384, 'Escuela d-231 especial de desarrollo', True),
(385, 'Escuela republica de chipre', True),
(386, 'Colegio yangtse', True),
(387, 'Escuela palestina', True),
(388, 'educ. diferencial exequiel gonzalez', True),
(389, 'Escuela benjamin claro velasco', True),
(390, 'Liceo augusto d halmar', True),
(391, 'Liceo carmela silva donoso', True),
(392, 'Liceo jose toribio medina', True),
(393, 'complejo educ.mun. brigida walker.', True),
(394, 'Liceo lenka franulic', True),
(395, 'col tec profesional republica argentina', True),
(396, 'Escuela diferencial municipal amapolas', True),
(397, 'Escuelapresidente eduardo frei montalba', True),
(398, 'Escuela aurora de chile', True),
(399, 'Escuela basica jose toribio medina', True),
(400, 'Liceo jose toribio medina anexo', True),
(401, 'Escuela republica de francia', True),
(402, 'Escuela republica de costa rica', True),
(403, 'Liceo republica de siria', True),
(404, 'Escuela guillermo zanartu irigoyen', True),
(405, 'Escuela de ed.diferencial hellen keller', True),
(406, 'Escuela juan moya morales', True),
(407, 'compl.educacional brigida walker anexo', True),
(408, 'centro educ. valle hermoso', True),
(409, 'Liceo antonio hermida fabres', True),
(410, 'Escuela juan bautista pasten', True),
(411, 'Escuela union nacional arabe', True),
(412, 'centro educacional eduardo de la barra', True),
(413, 'centro educacion mariano egana', True),
(414, 'centro educ.erazmo escala arriagada', True),
(415, 'Liceo erasmo escala arriagada', True),
(416, 'Escuela carlos hernandez pena', True),
(417, 'Escuela luis arrieta canas', True),
(418, 'Escuela e-180 matilde huici navas', True),
(419, 'Escuela tobalaba', True),
(420, 'Escuela luis gregorio ossa', True),
(421, 'Escuela stgo bueras y avarias', True),
(422, 'Escuela especial pontifice juan pablo ii', True),
(423, 'Escuela santa maria', True),
(424, 'centro innovativo la puerta', True),
(425, 'Liceo mercedes marin del solar', True),
(426, 'Liceo polivalente mercedes marin del solar', True),
(427, 'Liceo juana de ibarbourou', True),
(428, 'complejo educ. joaquin edwards bello.', True),
(429, 'Escuela jose bernardo suarez', True),
(430, 'Escuela bas. centro educacional millantu', True),
(431, 'Escuela manuel irarrazabal', True),
(432, 'Liceo municipalizado manuel rojas', True),
(433, 'Escuela enrique molina garmendia', True),
(434, 'Escuela julio montt salamanca', True),
(436, 'instituto de educacion de adultos', True),
(437, 'Liceo estados americanos', True),
(439, 'Colegio adultos fermin vivaceta', True),
(440, 'Escuela de farellones', True),
(441, 'complejo educ. eduardo cuevas valdes', True),
(442, 'Escuela de parv.beato padre alberto hurtado', True),
(443, 'Liceo poliv. san jose', True),
(444, 'Liceo diego aracena aguilar', True),
(445, 'Liceo bueras y avaria', True),
(446, 'Liceo jose ignacio zenteno', True),
(447, 'centro de educ. tecn.profesional codeduc', True),
(448, 'Escuela general san martin', True),
(449, 'Escuela general ohiggins', True),
(450, 'Escuela presidente riesco errazuriz', True),
(451, 'Escuela vicente reyes palazuelos', True),
(452, 'Escuela ramon freire', True),
(453, 'Escuela leon humberto valenzuela', True),
(454, 'Escuela el llano', True),
(455, 'Escuela reino de dinamarca', True),
(457, 'Escuela tomas vargas', True),
(458, 'republica de guatemala', True),
(459, 'Escuela las americas', True),
(460, 'Escuela especial andalue', True),
(461, 'Escuela basica reina de suecia', True),
(462, 'Liceo alcalde gonzalo perez llona', True),
(463, 'Colegio alcazar', True),
(464, 'Escuela basica municipal san luis', True),
(465, 'Escuela basica los bosquinos', True),
(466, 'Colegio munic. san sebastian de rinconada', True),
(467, 'Escuela basica municipal los alerces de', True),
(468, 'Liceo nacional de maipu', True),
(469, 'Escuela emaus de maipu', True),
(470, 'Liceo guillermo labarca huberston', True),
(472, 'Escuela platon', True),
(473, 'Escuela abate molina', True),
(474, 'Escuela diego portales', True),
(475, 'Escuela inglaterra', True),
(476, 'Escuela angelmo', True),
(477, 'Escuela insigne gabriela', True),
(478, 'Escuela espana', True),
(479, 'Escuela lo franco', True),
(480, 'Escuela antumalal', True),
(481, 'Escuela calicanto', True),
(482, 'Escuela menbrillar', True),
(483, 'Escuela basica municipal grenoble', True),
(484, 'Escuela republica de la india', True),
(485, 'Escuela gil de castro', True),
(486, 'Liceo industrial benjamin franklin', True),
(487, 'Liceo mun. centro educacional', True),
(488, 'Escuela monsenor manuel larrain', True),
(489, 'Escuela teniente hernan merino correa', True),
(490, 'Escuela estrella de chile', True),
(491, 'Escuela estado de florida', True),
(492, 'Escuela alexander graham bell', True),
(493, 'Escuela el salitre', True),
(494, 'Escuela alberto einstein', True),
(495, 'Escuela monsenor carlos oviedo', True),
(496, 'Escuela francisco ochagavia hurtado', True),
(497, 'Escuela elvira santa cruz ossa', True),
(498, 'Liceo de adultos alberto galleguillos j.', True),
(499, 'Escuela basica melvin jones', True),
(500, 'Escuela san daniel', True),
(501, 'Liceo ciudad de brasilia', True),
(502, 'Escuelacomodoro arturo merino benitez', True),
(503, 'Escuela lo boza', True),
(504, 'Colegio finlandia', True),
(505, 'Liceo monsenor enrique alvear', True),
(506, 'Escuela puerto futuro', True),
(508, 'Escuela juana de lestonac', True),
(509, 'Escuela basica isabel le brun', True),
(510, 'Escuela thomas alva edison', True),
(511, 'Escuela domingo santa maria gonzalez', True),
(512, 'Liceo municipal francisco infante abbot', True),
(513, 'Escuela capitan jose luis araneda', True),
(514, 'Escuela general manuel bulnes prieto', True),
(515, 'Escuela rebeca matte bello', True),
(516, 'Escuela general alejandro gorostiaga', True),
(517, 'Escuela basica corbeta esmeralda', True),
(518, 'Escuela juana atala de hirmas', True),
(519, 'Escuela basica monserrat robert de garcia', True),
(520, 'Escuela basica lo velasquez', True),
(521, 'Escuela basica r.p. gustavo le paige', True),
(522, 'Escuelamunic.de parvulos hernan del sol', True),
(523, 'Escuela alianza', True),
(524, 'Liceo poliv. los heroes de la concepcion', True),
(525, 'Escuela presidente roosevelt', True),
(526, 'Escuela republica de italia', True),
(527, 'Escuela republica de croacia', True),
(528, 'Escuela herminda de la victoria', True),
(529, 'Escuela millahue', True),
(530, 'Escuela violeta parra', True),
(531, 'Escuela provincia de arauco', True),
(532, 'Escuela general rene escauriaza', True),
(533, 'Escuela federico acevedo salazar', True),
(534, 'Escuela basica paulo freire', True),
(535, 'Escuela leonardo da vinci', True),
(536, 'Escuela doctor treviso girardi tonelli', True),
(537, 'Escuela intendente saavedra', True),
(538, 'Escuela santander de espana', True),
(539, 'Colegio neptuno', True),
(540, 'Escuela maria luisa bombal', True),
(541, 'Escuela ciudad santo domingo de guzman', True),
(542, 'Escuela prof. manuel guerrero ceballos', True),
(543, 'Escuela sargento candelaria', True),
(545, 'centro integrado de adultos', True),
(546, 'Escuela especial sgto.cadelaria', True),
(548, 'Liceo dr. luis vargas salcedo', True),
(549, 'Escuela basica condores de plata', True),
(550, 'Escuela lothar kommer bruger', True),
(551, 'Escuela j.prieto vial', True),
(552, 'Escuela estrella de chile', True),
(553, 'Escuela santa adela', True),
(554, 'ejercito libertador', True),
(555, 'Colegio ciudad de caracas', True),
(556, 'complejo educacional pedro prado', True),
(557, 'Escuela jaime gomez garcia', True),
(558, 'Escuela profesora gladys valenzuela', True),
(559, 'Escuela golda meir', True),
(560, 'Escuela ignacio carrera pinto', True),
(561, 'Escuela mariscal de ayacucho', True),
(562, 'Escuela sor teresa de los andes', True),
(563, 'Escuela poeta pablo neruda', True),
(564, 'Escuela republica de estados unidos', True),
(565, 'Escuela basica ataturk', True),
(566, 'Escuela poeta vicente huidobro', True),
(567, 'Escuelade educacion diferencial quillahue', True),
(568, 'Escuela centro educ.integral de adultos', True),
(569, 'Escuela carlos condell de la haza', True),
(570, 'Escuela arnaldo falabella', True),
(572, 'Escuela republica de austria', True),
(574, 'Escuela basica union latinoamericana', True),
(576, 'centro educ.munic. dr. amador nechme r.', True),
(577, 'Liceo politec. guillermo feliu cruz', True),
(578, 'Escuela basica republica de francia', True),
(579, 'Escuela basica prof.ramon del rio', True),
(580, 'Escuela basica pacto andino', True),
(581, 'Escuela basica', True),
(582, 'Escuela basica japon', True),
(583, 'Escuela fco.garcia huidobro', True),
(584, 'Escuela e-36 anexo', True),
(585, 'Liceo polivalente juan a.rios depto.educ.qta.normal', True),
(586, 'Escuela basica reino de noruega depto.educ.qta.normal', True),
(587, 'Escuela el roto chileno', True),
(588, 'Escuela presidente prieto', True),
(589, 'Liceo polivalente a-119', True),
(590, 'Liceo polivalente', True),
(592, 'Escuela talacanta', True),
(593, 'Escuela republica de grecia', True),
(594, 'Liceo polivalente de -anexo', True),
(595, 'Escuela manuel rodriguez erdoiza', True),
(596, 'Escuela estrella de belen', True),
(597, 'Escuela alborada', True),
(598, 'Escuela luis undurraga', True),
(599, 'Escuela el pino viejo de lonquen', True),
(600, 'Escuela basica tegualda', True),
(601, 'Escuela basica del poniente', True),
(603, 'centro de educacion general basica', True),
(604, 'Liceo republica de italia', True),
(605, 'Escuela basica efrain maldonado torres', True),
(606, 'Escuelabasica san antonio de naltagua', True),
(607, 'Escuela rural las parcelas', True),
(608, 'Escuela basica futuro las mercedes', True),
(609, 'Liceo poliv. luis humberto acosta gay', True),
(610, 'Escuela republica del ecuador', True),
(611, 'Escuela basica e 741 javiera carrera verdugo', True),
(612, 'Escuela el paico', True),
(613, 'Escuela republica de honduras', True),
(614, 'Escuela chinigue el cristo', True),
(615, 'Escuela el ramanso', True),
(616, 'Liceo municipalizado', True),
(617, 'Escuela teresa de calcuta', True),
(618, 'Escuela emilia lascar', True),
(619, 'Escuela rosalina pescio vargas', True),
(620, 'Liceo comercial republica de brasil', True),
(621, 'Liceo comercial republica del brasil', True),
(622, 'Escuela republica checa', True),
(623, 'Escuela mand eduardo frei montalva', True),
(624, 'Escuela diferencial alegria de vivir', True),
(625, 'Escuela sonia plaza castro', True),
(626, 'Escuela malloco', True),
(627, 'Escuela republica de israel', True),
(628, 'Escuela pelvin san francisco de asis', True),
(629, 'Escuela dolores cattin faundez', True),
(631, 'Liceo poliv. hnos. sotomayor baeza', True),
(633, 'Escuela ignacio serrano montaner', True),
(634, 'Liceo gabriela mistral de', True),
(635, 'Colegio huilco alto', True),
(636, 'Colegio mons. jaime larrain bunster', True),
(638, 'Escuela san jose de la villa', True),
(639, 'Escuela gral. carol urzua', True),
(640, 'Escuela republica del brasil', True),
(641, 'Colegio pomaire', True),
(643, 'Liceo poliv. el bollenar', True),
(644, 'Escuela santa rosa esmeralda', True),
(645, 'Escuela claudio arrau', True),
(646, 'Escuela patricio larrain gandarillas', True),
(647, 'Escuela pedro marin alemany', True),
(648, 'Escuela basica carmen bajo', True),
(649, 'Escuela ramon noguera prieto', True),
(650, 'Escuela cholqui', True),
(651, 'Escuela san diego', True),
(652, 'Escuela puangue', True),
(653, 'Escuela lidia matte hurtado', True),
(654, 'Escuela el transito', True),
(655, 'Escuela jose camarena escriva', True),
(656, 'Escuela huechun', True),
(657, 'Escuela tantehue', True),
(658, 'Escuela raquel fernandez de morande', True),
(659, 'Escuela padre alberto hurtado', True),
(660, 'Escuela basica el pabellon', True),
(661, 'Colegio los jazmines', True),
(662, 'Escuela chorombo alto', True),
(663, 'Escuela los rulos', True),
(664, 'Escuela chorombo bajo', True),
(665, 'Escuela las mercedes', True),
(666, 'Escuela santa emilia', True),
(667, 'Escuela ibacache', True),
(671, 'Escuela loica arriba', True),
(672, 'Escuela loica abajo', True),
(673, 'Escuela el prado', True),
(674, 'Escuela llancay', True),
(675, 'Escuela nihue bajo', True),
(676, 'Escuela enrique reymond aldunate', True),
(677, 'Escuela de quelentaro alto', True),
(678, 'Escuela lo encanado', True),
(679, 'Escuela corneche', True),
(680, 'Escuela la manga', True),
(681, 'Escuela sta. rosa lotesore', True),
(682, 'Escuela fundo cabimbao', True),
(683, 'Liceo municipal sara troncoso troncoso', True),
(684, 'Escuela el asiento', True),
(685, 'Escuela barrancas de pechy', True),
(686, 'Escuela san alfonso', True),
(687, 'Escuela hacienda', True),
(688, 'Escuela basica valle de puangue', True),
(690, 'Escuela san jose obrero', True),
(691, 'Liceo presidente balmaceda', True),
(692, 'Escuela fernando carvajal pinto', True),
(693, 'Escuela eliecer perez vargas', True),
(694, 'Escuela heriberto erlwein s.', True),
(695, 'Escuela bas. munic. cuyuncavi', True),
(696, 'Liceo paul harris', True),
(697, 'Escuela republica argentina', True),
(698, 'Escuela cristal chile', True),
(699, 'Escuela la esperanza', True),
(700, 'Escuela camino de luz', True),
(701, 'Escuela consolidada', True),
(702, 'Liceo ind. municipalizado a n_ 116', True),
(703, 'Liceo san geronimo', True),
(704, 'Escuela maipo', True),
(706, 'Escuela villa', True),
(707, 'Escuela republica de grecia', True),
(708, 'centro de educ.integral nueva esperanza', True),
(709, 'Escuela los andes', True),
(710, 'Escuela nonato coo', True),
(711, 'Escuela villa', True),
(712, 'Escuela ejercito libertador', True),
(713, 'Escuela los pimientos', True),
(714, 'Escuela manuel plaza', True),
(715, 'Liceo munic.ing.militar juan mackena o.', True),
(716, 'Escuela casas viejas', True),
(717, 'Escuela oscar bonilla', True),
(718, 'Escuela luis matte larrain', True),
(719, 'Escuela gabriela', True),
(720, 'Escuela las palmas', True),
(721, 'Escuela especial open door', True),
(722, 'Liceo municipal chiloe', True),
(723, 'Escuela andes del sur', True),
(724, 'Escuela basica padre alberto hurtado', True),
(725, 'Escuela volcan san jose', True),
(726, 'Escuela de parvulos municipal altue', True),
(727, 'c. integral de ad. profesora teresa moya reye', True),
(728, 'Liceo munic. tec. prof. el llano', True),
(729, 'Escuela santa rita', True),
(730, 'Escuela lo arcaya', True),
(731, 'Liceo el principal', True),
(732, 'Escuela san juan', True),
(733, 'Escuela la puntilla', True),
(734, 'Liceo polivalente', True),
(735, 'Escuela julieta becerra alvarez', True),
(736, 'Escuela el canelo', True),
(737, 'Escuela el melocoton', True),
(738, 'Escuela de concentracion fronteriza', True),
(739, 'Escuela fronteriza', True),
(740, 'Escuela la obra', True),
(741, 'Escuela bas.y esp. integradora el manzano', True),
(742, 'Escuela 636 san alfonso', True),
(743, 'Escuela basica las melosas', True),
(744, 'centro educacional mun.mariano latorre', True),
(745, 'Liceo n523', True),
(746, 'Escuela capitan avalos', True),
(747, 'Escuela pablo de rokha', True),
(748, 'Escuela municipal violeta parra', True),
(749, 'Colegio neruda', True),
(750, 'Liceo villa la pintana', True),
(751, 'Liceo municipalizado cent.ed.', True),
(752, 'Liceo victor jara', True),
(753, 'Escuela basica juan de dios aldea', True),
(754, 'Liceo municipalizado marcelo astoreca c.', True),
(755, 'Liceo municipal el roble', True),
(756, 'Escuelabasica prof.aurelia rojas burgos', True),
(757, 'Liceo de adultos ceia de la pintana', True),
(758, 'Liceo benjamin vicuna mackenna', True),
(759, 'Escuela gaurdiamarina ernesto riquelme', True),
(760, 'Escuela bellavista', True),
(761, 'Escuela elsa santibanez', True),
(762, 'Escuela marcela paz', True),
(763, 'Escuela republica dominicana', True),
(764, 'Liceo nuevo amanecer', True),
(765, 'Escuela las araucarias', True),
(766, 'Escuela sotero del rio', True),
(767, 'Escuela areas verdes', True),
(768, 'complejo educ. municipal carden.a.samore', True),
(769, 'Liceo polivalente los almendros', True),
(770, 'Liceo andres bello', True),
(771, 'Escuela jose alvo abvuaf', True),
(772, 'Escuela las lilas', True),
(773, 'Escuela cataluna', True),
(774, 'Liceo indira gandhi', True),
(775, 'Escuela santa irene', True),
(776, 'Escuela lo canas', True),
(777, 'Escuela villas unidas', True),
(778, 'Escuela los cerezos', True),
(779, 'Escuela los quillayes', True),
(780, 'Escuela oscar castro', True),
(781, 'Colegio capitan pastene', True),
(782, 'Escuela anexo lo canas', True),
(783, 'Escuela de parvulos samorito', True),
(784, 'Colegio capitan pastene anexo', True),
(785, 'Colegio maria elena', True),
(786, 'profesor francisco vergara bobadilla', True),
(788, 'Liceo rebeca olivares benitez', True),
(789, 'Liceo polivalente rigoberto fontt i.', True),
(790, 'Escuela basica marcos gooycolea cortes', True),
(791, 'Escuela basica santa teresa del carmelo', True),
(792, 'Escuela especial ernesto soto negrete', True),
(793, 'Escuela premio nobel pablo neruda', True),
(794, 'Escuela basica base aerea', True),
(795, 'Liceo esmeralda', True),
(796, 'Escuela basica algarrobal', True),
(797, 'Escuelabasica coronel enrique cabrera', True),
(798, 'Escuelabasica francisco petrinovic karlovac', True),
(799, 'Escuela basica san vicente de lo arcaya', True),
(800, 'Escuela basica santa marta de liray', True),
(801, 'Escuela san francisco de asis', True),
(802, 'Liceo rebeca olivares b.', True),
(803, 'centro educativo la puerta', True),
(804, 'Colegio municipal instituto chacabuco', True),
(805, 'Escuela especial elsa matilde ulrich jara', True),
(806, 'Escuela lipangue', True),
(808, 'Escuela manuel segovia montenegro', True),
(809, 'Escuela republica de polonia', True),
(810, 'Escuela basica cacique colin', True),
(811, 'Escuela santa barbara', True),
(812, 'Escuela polonia gutierrez c.', True),
(813, 'Escuela santa rosa de', True),
(814, 'Escuela santa sara', True),
(815, 'Escuela el lucero', True),
(816, 'Escuela sol de septiembre', True),
(817, 'Liceo municip. de adultos pedro j. rodriguez', True),
(818, 'Liceo municipal de batuco', True),
(819, 'Liceo polivalente manuel rodriguez', True),
(820, 'Liceo huertos familiares', True),
(821, 'Escuela rungue', True),
(822, 'Escuela santa matilde', True),
(823, 'Escuela huechun', True),
(824, 'Escuela capilla de caleu', True),
(825, 'Escuela el llano de caleu', True),
(826, 'Escuela basica montenegro', True),
(827, 'Escuela plazuela de polpaico', True),
(828, 'Liceo gabriela mistral', True),
(829, 'Liceo rosa ester alesandri rodriguez', True),
(830, 'Escuela basica cornelia olivares', True),
(831, 'Escuela de parvulos antu-huilen', True),
(832, 'Liceo san francisco de quito', True),
(833, 'Escuela nueva zelandia', True),
(834, 'Escuela basica camilo mori', True),
(835, 'Escuela basica cd.arturo merino benitez', True),
(836, 'Escuela diferencial f-82', True),
(837, 'Liceo presidente balmaceda', True),
(838, 'Escuela luis galdames', True),
(839, 'Liceo valentin letelier', True),
(840, 'Liceo paula jaraquemada', True),
(841, 'Escuelabas.bilingue republica del paraguay', True),
(842, 'Escuela republica del paraguay', True),
(843, 'Escuela de adultos jorge alessandri r.', True),
(844, 'Escuela basica dr juan verdaguer planas', True),
(845, 'Liceo arturo perez canto', True),
(846, 'centro educacional jose miguel carrera', True),
(847, 'complejo educ. juanita fernandez s.', True),
(848, 'Escuela sargento 2. daniel rebolledo', True),
(849, 'Escuela espana', True),
(850, 'Escuela escritora marcela paz', True),
(851, 'Escuela puerto rico', True),
(852, 'centro educ.escritores de chile', True),
(853, 'Escuela victor cuccuini', True),
(854, 'Escuela marta colvin', True),
(855, 'Escuela anne eleonor roosevelt', True),
(856, 'Escuela mun.hermana maria goretti', True),
(857, 'Escuela rafael valdivieso', True),
(858, 'Escuela educ.dif. sta. teresa de avila', True),
(859, 'centro educ. ministro diego portales', True),
(861, 'Escuela basica carlos prats g.', True),
(862, 'Escuela basica copenhague', True),
(863, 'Escuela adelaida la fetra', True),
(864, 'Escuela e-128', True),
(865, 'Escuela santa victoria', True),
(866, 'Escuela las canteras', True),
(867, 'Escuela de guayaquil', True),
(868, 'Escuela estado de michigan', True),
(869, 'Escuela luis cruz martinez', True),
(870, 'Escuela basica el manio', True),
(871, 'Escuela basic.soldado heroe miguel prado', True),
(872, 'complejo educacional j. miguel carrera', True),
(873, 'Escuela bas.municipal mercedes fontecilla', True),
(874, 'Escuela profesora maria luisa sepulveda', True),
(875, 'Liceo alcalde jorge indo', True),
(876, 'Escuela municipal valle de luna', True),
(877, 'Liceo de adultos poeta vicente huidobro', True),
(878, 'Escuela basica ana frank', True),
(879, 'Escuela b-sica pucara lasana', True),
(880, 'Liceo poeta federico garcia lorca', True),
(881, 'Liceo abdon cifuentes', True),
(882, 'Liceo poliv. abdon cifuentes', True),
(883, 'Liceo agustin edwards', True),
(884, 'Escuela unesco', True),
(885, 'Escuela d-114', True),
(886, 'Escuela sol naciente', True),
(887, 'Escuela horacio johnson gana', True),
(888, 'Escuela dra.eloisa diaz insunza', True),
(889, 'Liceo munc.almirante galvarino riveros', True),
(890, 'Escuela araucarias de chile', True),
(891, 'Escuela valle del inca', True),
(892, 'Escuela conchali', True),
(893, 'Escuela allipen', True),
(894, 'centro educ. poeta eusebio lillo', True),
(895, 'Escuela atenea', True),
(896, 'Escuela aviador dagoberto godoy f.', True),
(897, 'Escuela basica likan-antai', True),
(898, 'Escuela esp. humberto aranda irribarren', True),
(899, 'Escuela camilo henriquez', True),
(900, 'Liceo municipal santa maria de conchali', True),
(901, 'Liceo politecnico chilean eagles', True),
(902, 'Colegio san pedro nolasco de quillota', True),
(907, 'Shirayuri', True);

--rubros--
INSERT INTO "MP_rubro"(
            id, nombre)
    VALUES 
(9, 'Irrigaciones'),
(14, 'Repelentes de insectos'),
(18, 'Chimeneas'),
(20, 'Molinos'),
(23, 'Productos quí­micos'),
(42, 'Agricultura'),
(43, 'Equipo para protección personal'),
(54, 'Regalos promocionales'),
(56, 'Cristalerí­as'),
(58, 'Vajillas'),
(60, 'Ambientadores'),
(65, 'Música, vi­deo y jugueterí­a'),
(66, 'Arte'),
(68, 'Clases de baile'),
(70, 'Turismo'),
(73, 'Recreación infantil'),
(77, 'Flores y plantas'),
(81, 'Idiomas'),
(87, 'Parques acuáticos'),
(111, 'Organizaciones de eventos'),
(112, 'Mantenimiento negocio de hostelerí­a'),
(113, 'Suministros hotelera/ amenities'),
(117, 'Revistas'),
(128, 'Centros de estéticas'),
(134, 'Equipos para estética'),
(135, 'Servicios de peluquerí­a'),
(141, 'Ambientadores'),
(143, 'Alimentación general'),
(144, 'Bebidas'),
(152, 'Envasado y embalaje de alimentos'),
(164, 'Etiquetas para textil'),
(165, 'Prendas de protección laboral'),
(166, 'Accesorios para la industrial textil'),
(170, 'Maletas y equipajes'),
(172, 'Bolsas de tela'),
(174, 'Software'),
(177, 'Telefoní­a'),
(178, 'Domestica'),
(180, 'Gestión de proyectos'),
(184, 'Adaptación lopd'),
(186, 'Energí­a'),
(188, 'Servicios multimedia'),
(195, 'Consultorí­a informática'),
(196, 'Transportes'),
(201, 'Call center/ atención telefónica'),
(206, 'Servicio de desinfección y fumigación'),
(214, 'Servicio de secretariado'),
(222, 'Accesorios corporativos'),
(223, 'Mediciones'),
(224, 'Organización de eventos'),
(236, 'Compra/ venta de empresas'),
(245, 'Alquiler locales y despachos'),
(249, 'Diseño de planos y maquetas'),
(253, 'Consultorí­as en arquitectura'),
(254, 'Trabajos verticales');


--Habilidades--
INSERT INTO "MP_tipohabilidad"(
            id, nombre)
VALUES (1, 'Deporte'),(2,'Idioma');

--Deporte--
INSERT INTO "MP_habilidad"(
            id, nombre, "tipoHabilidad_id")
    VALUES 
(1, 'Ala delta ',1),
(2, 'Acrobacia ',1),
(3, 'Acuatlon ',1),
(4, 'Aerobic ',1),
(5, 'Aikido ',1),
(6, 'Ajedrez ',1),
(7, 'Alpinismo ',1),
(8, 'Artes marciales ',1),
(9, 'Atletismo ',1),
(10, 'Automobilismo ',1),
(11, 'Baloncesto ',1),
(12, 'Balonmano ',1),
(13, 'Billar ',1),
(17, 'Bodyboard ',1),
(18, 'Boxeo ',1),
(19, 'Badminton ',1),
(20, 'Beisbol ',1),
(21, 'Caza ',1),
(22, 'Ciclismo ',1),
(25, 'Criquet ',1),
(27, 'Cuadratlon ',1),
(28, 'Curling ',1),
(29, 'Danza deportiva ',1),
(30, 'Dardos ',1),
(31, 'Futbol ',1),
(32, 'Futbol playa ',1),
(33, 'Futbol sala ',1),
(34, 'Golf ',1),
(35, 'Gimnasia ',1),
(36, 'Gimnasia ritmica ',1),
(37, 'Halterofilia ',1),
(38, 'Hipica ',1),
(39, 'Hockey en patines ',1),
(40, 'Hockey sobre hierba ',1),
(41, 'Hockey sobre hielo ',1),
(42, 'Hockey ',1),
(43, 'Hurling ',1),
(44, 'Jiu-Jitsu ',1),
(45, 'Judo ',1),
(46, 'Karate ',1),
(47, 'Kendo ',1),
(48, 'Kickboxing ',1),
(49, 'Karting ',1),
(50, 'Kung Fu ',1),
(51, 'Lacrosse ',1),
(52, 'Lucha ',1),
(53, 'Lucha tradicional',1),
(56, 'Motociclismo ',1),
(57, 'Motonautica ',1),
(58, 'Mhuai Thay ',1),
(59, 'Natacion ',1),
(62, 'Paracaismo ',1),
(63, 'Parapente ',1),
(64, 'Parkour ',1),
(65, 'Patinaje ',1),
(66, 'Paintball ',1),
(67, 'Pelota ',1),
(68, 'Pelota valenciana ',1),
(69, 'Pelota vasca ',1),
(70, 'Pentatlon moderno ',1),
(71, 'Pesca deportiva ',1),
(74, 'Polo ',1),
(75, 'Remo ',1),
(76, 'Rugby ',1),
(77, 'Salto de trampolin ',1),
(78, 'Senderismo ',1),
(79, 'Softbol ',1),
(81, 'Skateboard ',1),
(83, 'Snowboard ',1),
(84, 'Speedball ',1),
(85, 'Squash ',1),
(86, 'Sumo ',1),
(88, 'Surf ',1),
(89, 'Tenis ',1),
(90, 'Tenis de mesa ',1),
(91, 'Tiro ',1),
(92, 'Tiro con arco ',1),
(93, 'Triatlon ',1),
(94, 'Taekwondo ',1),
(96, 'Vela ',1),
(97, 'Voleibol ',1),
(98, 'Volei playa ',1),
(99, 'Valetodo ',1),
(100, 'Waterpolo ',1),
(101, 'Windsurf ',1),
(102, 'Wushu ',1),
(103, 'Win Tsun ',1),
(105, 'Gimnasia ',1),
(106, 'Gimnasia ritmica ',1),
(107, 'Esgrima ',1),
(108, 'Espeleoloxia ',1),
(109, 'Esqui ',1),
(110, 'Equitacion ',1);

--Idiomas--
INSERT INTO "MP_habilidad"(
            id, nombre, "tipoHabilidad_id")
    VALUES 
(111, 'Afrikaans',2),
(112, 'Albanés',2),
(113, 'Alemán',2),
(114, 'Amharico',2),
(115, 'Arabe',2),
(116, 'Armenio',2),
(117, 'Bengali',2),
(118, 'Bieloruso',2),
(119, 'Birmanés',2),
(120, 'Bulgaro',2),
(121, 'Catalan',2),
(122, 'Checo',2),
(123, 'Chino',2),
(124, 'Coreano',2),
(125, 'Croata',2),
(126, 'Danés',2),
(127, 'Dari',2),
(128, 'Dzongkha',2),
(129, 'Escocés',2),
(130, 'Eslovaco',2),
(131, 'Esloveniano',2),
(132, 'Español',2),
(133, 'Esperanto',2),
(134, 'Estoniano',2),
(135, 'Faroese',2),
(136, 'Farsi',2),
(137, 'Finlandés',2),
(138, 'Francés',2),
(139, 'Gaelico',2),
(140, 'Galese',2),
(141, 'Gallego',2),
(142, 'Griego',2),
(143, 'Hebreo',2),
(144, 'Hindi',2),
(145, 'Holandés',2),
(146, 'Hungaro',2),
(147, 'Inglés',2),
(148, 'Indonesio',2),
(149, 'Inuktitut(Eskimo)',2),
(150, 'Islandico',2),
(151, 'Italiano',2),
(152, 'Japonés',2),
(153, 'Khmer',2),
(154, 'Kurdo',2),
(155, 'Lao',2),
(156, 'Laponico',2),
(157, 'Latviano',2),
(158, 'Lituano',2),
(159, 'Macedonio',2),
(160, 'Malayés',2),
(161, 'Maltés',2),
(162, 'Nepali',2),
(163, 'Noruego',2),
(164, 'Pashto',2),
(165, 'Polaco',2),
(166, 'Portugúes',2),
(167, 'Rumano',2),
(168, 'Ruso',2),
(169, 'Serbio',2),
(170, 'Somali',2),
(171, 'Suahili',2),
(172, 'Sueco',2),
(173, 'Tagalog-Filipino',2),
(174, 'Tajik',2),
(175, 'Tamil',2),
(176, 'Tailandés',2),
(177, 'Tibetano',2),
(178, 'Tigrinia',2),
(179, 'Tonganés',2),
(180, 'Turco',2),
(181, 'Turkmenistano',2),
(182, 'Ucraniano',2),
(183, 'Urdu',2),
(184, 'Uzbekistano',2),
(185, 'Vasco',2),
(186, 'Vietnamés',2);